1,cup bottom,INS_T01,double,1,,,,,,1
2,cup bottom cernox,INS_T02,double,1,,,,,,1
3,cup middle,INS_T03,double,1,,,,,,1
4,cup middle cernox,INS_T04,double,1,,,,,,1
5,cup top,INS_T05,double,1,,,,,,1
6,nose bottom,EVF_T01,double,1,,,,,,1
7,nose middle,EVF_T02,double,1,,,,,,1
8,nose top,EVF_T03,double,1,,,,,,1
9,heat exchager top,EVF_T04,double,1,,,,,,1
10,separator bottom,EVF_T05,double,1,,,,,,1
11,separator top,EVF_T06,double,1,,,,,,1
12,baffles bottom,EVF_T07,double,1,,,,,,1
13,baffles top,EVF_T08,double,1,,,,,,1
14,magnet dewar bottom,SCM_T01,double,1,,,,,,1
15,magnet dewar top,SCM_T02,double,1,,,,,,1
16,magnet tank bottom,SCM_T03,double,1,,,,,,1
17,magnet tank top,SCM_T04,double,1,,,,,,1
18,front lower left,SCM_T05,double,1,,,,,,1
19,front lower right,SCM_T06,double,1,,,,,,1
20,front upper left,SCM_T07,double,1,,,,,,1
21,front upper right,SCM_T08,double,1,,,,,,1
22,back lower left,SCM_T09,double,1,,,,,,1
23,back lower right,SCM_T10,double,1,,,,,,1
24,back upper left,SCM_T11,double,1,,,,,,1
25,back upper right,SCM_T12,double,1,,,,,,1
26,NMR board ,PAS_T01,double,1,,,,,,1
27,NMR board ,PAS_T02,double,1,,,,,,1
28,NMR board ,PAS_T03,double,1,,,,,,1
29,NMR board ,PAS_T04,double,1,,,,,,1
30,NMR board ,PAS_T05,double,1,,,,,,1
31,NMR board ,PAS_T06,double,1,,,,,,1
32,roots bottom,RPS_T01,double,1,,,,,,1
33,roots middle,RPS_T02,double,1,,,,,,1
34,roots top,RPS_T03,double,1,,,,,,1
35,microwave on board EIO sensor,MWS_T01,double,1,,,,,,1
36,microwave on board PS sensor ,MWS_T02,double,1,,,,,,1
37,microwave EIO collector,MWS_T03,double,1,,,,,,1
38,microwave EIO chiller,MWS_T04,double,1,,,,,,1
39,nose 4He fine,EVF_P01,double,10,,,,,,1
40,nose 4He coarse,EVF_P02,double,10,,,,,,1
41,nose 3He,EVF_P03,double,10,,,,,,1
42,outer vacuum fine,OVS_P01,double,1,,,,,,1
43,outer vacuum coarse,OVS_P02,double,1,,,,,,1
44,roots top,RPS_P01,double,1,,,,,,1
45,roots middle,RPS_P02,double,1,,,,,,1
46,oerlikon roots top,RPS_P03,double,1,,,,,,1
47,oerlikon roots middle,RPS_P04,double,1,,,,,,1
48,oerlikon roots bottom,RPS_P05,double,1,,,,,,1
49,oerlikon top pipe,RPS_P06,double,1,,,,,,1
50,separator,EVF_F01,double,1,,,,,,1
51,separator set,EVF_FS1,double,1,,,,,,1
52,main,EVF_F02,double,1,,,,,,1
53,magnet tank,SCM_F01,double,1,,,,,,1
54,magnet tank built in,SCM_F02,double,1,,,,,,1
55,roots cooling water M1,RPS_F01,double,1,,,,,,1
56,roots cooling water M2,RPS_F02,double,1,,,,,,1
57,roots cooling water M3,RPS_F03,double,1,,,,,,1
58,roots cooling water M4,RPS_F04,double,1,,,,,,1
59,roots cooling water heat exchanger 1,RPS_F05,double,1,,,,,,1
60,roots cooling water heat exchanger 2,RPS_F06,double,1,,,,,,1
61,4LHe nose,EVF_L01,double,1,,,,,,1
62,4LHe nose set,EVF_LS1,double,1,,,,,,1
63,4LHe magnet tank,SCM_L01,double,1,,,,,,1
64,LN2 magnet tank,SCM_L02,double,1,,,,,,1
65,run valve,EVF_S01,,5,,,,,,1
66,run valve set,EVF_SS1,,5,,,,,,1
67,run valve potentiometer,EVF_S02,,5,,,,,,1
68,bypass valve,EVF_S03,,5,,,,,,1
69,bypass valve set,EVF_SS3,,5,,,,,,1
70,bypass valve potentiometer,EVF_S04,,5,,,,,,1
71,EIO tube,MWS_S01,,3,,,,,,1
72,EIO tube set,MWS_SS1,,3,,,,,,1
73,EIO tube potentiometer,MWS_S02,,3,,,,,,1
74,EIO tube limit switch,MWS_S03,,1,,,,,,1
75,Insert elevator,TMS_S01,,50,,,,,,1
76,Insert elevator set,TMS_SS1,,50,,,,,,1
77,Insert elevator potentiometer 1,TMS_S02,,50,,,,,,1
78,Insert elevator potentiometer 2,TMS_S03,,50,,,,,,1
79,Insert elevator limit switch 1,TMS_S04,,50,,,,,,1
80,Insert elevator limit switch 2,TMS_S05,,50,,,,,,1
81,Insert elevator limit switch 3,TMS_S06,,50,,,,,,1
82,Insert elevator limit switch 4,TMS_S07,,50,,,,,,1
83,Insert elevator limit switch 5,TMS_S08,,50,,,,,,1
84,frequency,MWS_uWF,double,3,,,,,,1
85,power,MWS_uWP,double,1,,,,,,1
86,PS cathode voltage,MWS_V01,double,1,,,,,,1
87,PS collector voltage,MWS_V02,double,1,,,,,,1
88,PS filament voltage,MWS_V03,double,1,,,,,,1
89,PS filament current,MWS_I01,double,1,,,,,,1
90,PS body current,MWS_I02,double,1,,,,,,1
91,main status,MWS_STA,integer,1,,,,,,1
92,FM frequency,MWS_FMF,double,1,,,,,,1
93,FM amplitude,MWS_FMA,double,1,,,,,,1
94,FM offset,MWS_FMO,double,1,,,,,,1
95,magnet current,SCM_I01,double,50,,,,,,1
96,magnet current setpoint,SCM_IS1,double,50,,,,,,1
97,magnet ramp up rate,SCM_R01,double,1,,,,,,1
98,magnet ramp up rate set,SCM_RS1,double,1,,,,,,1
99,magnet voltage,SCM_V01,double,50,,,,,,1
100,magnet field,SCM_B01,double,50,,,,,,1
101,magnet mode,SCM_MOD,double,1,,,,,,1
102,magnet status,SCM_MST,double,1,,,,,,1
103,magnet switch heater status,SCM_HST,double,1,,,,,,1
104,shim coil mode,SCM_SST,double,1,,,,,,1
105,shim coil status,SCM_SMD,double,1,,,,,,1
106,4He temperature calculated,PAS_4HE_TEM,double,10,,,,,,1
107,3He temperature calculated,PAS_3HE_TEM,double,10,,,,,,1
108,run type,PAS_RUN_TYP,string,1,,,,,,1
109,target type,PAS_TRG_TYP,string,1,,,,,,1
110,Coil 1 ladder location,PAS_C1_LADL,string,10,,,,,,1
111,Coil 1 board number,PAS_C1_BRDN,integer,10,,,,,,1
112,Coil 1 baseline file,PAS_C1_BAFN,string,10,,,,,,1
113,Coil 1 TE file,PAS_C1_TEFN,string,10,,,,,,1
114,Coil 1 calibration constant,PAS_C1_CALC,double,10,,,,,,1
115,Coil 1 R&S on/off,PAS_C1_RSON,integer,10,,,,,,1
116,Coil 1 RF center frequency,PAS_C1_RFF0,double,10,,,,,,1
117,Coil 1 RF frequency step size,PAS_C1_RFFS,double,10,,,,,,1
118,Coil 1 RF number of frequency steps,PAS_C1_RFFN,integer,10,,,,,,1
119,Coil 1 RF power,PAS_C1_RFPW,double,10,,,,,,1
120,Coil 1 RF switch on/off,PAS_C1_RFON,integer,10,,,,,,1
121,Coil 1 RF attenuation,PAS_C1_RFAT,double,10,,,,,,1
122,Coil 1 gain setting,PAS_C1_GAIN,integer,10,,,,,,1
123,Coil 1 number of sweeps per event,PAS_C1_NSPE,integer,10,,,,,,1
124,Coil 1 LCR tune voltage,PAS_C1_LCRV,double,10,,,,,,1
125,Coil 1 phase tune voltage,PAS_C1_PHAV,double,10,,,,,,1
126,Coil 1 offset voltage,PAS_C1_OFFV,double,10,,,,,,1
127,Coil 1 on board PS voltage,PAS_C1_BPSV,double,10,,,,,,1
128,Coil 1 peak position,PAS_C1_PEF0,double,10,,,,,,1
129,Coil 1 peak amplitude,PAS_C1_PEAM,double,10,,,,,,1
130,Coil 1 signal area,PAS_C1_AREA,double,10,,,,,,1
131,Coil 1 polarization,PAS_C1_POLN,double,10,,,,,,1
132,Coil 1 nmr spectrum,PAS_C1_V1,double,10,,,,,,1
133,Coil 1 nmr spectrum,PAS_C1_V2,double,10,,,,,,1
134,Coil 1 nmr spectrum,PAS_C1_V3,double,10,,,,,,1
135,Coil 1 nmr spectrum,PAS_C1_V4,double,10,,,,,,1
136,Coil 1 nmr spectrum,PAS_C1_V5,double,10,,,,,,1
137,Coil 1 nmr spectrum,PAS_C1_V6,double,10,,,,,,1
138,Coil 1 nmr spectrum,PAS_C1_V7,double,10,,,,,,1
139,Coil 1 nmr spectrum,PAS_C1_V8,double,10,,,,,,1
140,Coil 1 nmr spectrum,PAS_C1_V9,double,10,,,,,,1
141,Coil 1 nmr spectrum,PAS_C1_V10,double,10,,,,,,1
142,Coil 1 nmr spectrum,PAS_C1_V11,double,10,,,,,,1
143,Coil 1 nmr spectrum,PAS_C1_V12,double,10,,,,,,1
144,Coil 1 nmr spectrum,PAS_C1_V13,double,10,,,,,,1
145,Coil 1 nmr spectrum,PAS_C1_V14,double,10,,,,,,1
146,Coil 1 nmr spectrum,PAS_C1_V15,double,10,,,,,,1
147,Coil 1 nmr spectrum,PAS_C1_V16,double,10,,,,,,1
148,Coil 1 nmr spectrum,PAS_C1_V17,double,10,,,,,,1
149,Coil 1 nmr spectrum,PAS_C1_V18,double,10,,,,,,1
150,Coil 1 nmr spectrum,PAS_C1_V19,double,10,,,,,,1
151,Coil 1 nmr spectrum,PAS_C1_V20,double,10,,,,,,1
152,Coil 1 nmr spectrum,PAS_C1_V21,double,10,,,,,,1
153,Coil 1 nmr spectrum,PAS_C1_V22,double,10,,,,,,1
154,Coil 1 nmr spectrum,PAS_C1_V23,double,10,,,,,,1
155,Coil 1 nmr spectrum,PAS_C1_V24,double,10,,,,,,1
156,Coil 1 nmr spectrum,PAS_C1_V25,double,10,,,,,,1
157,Coil 1 nmr spectrum,PAS_C1_V26,double,10,,,,,,1
158,Coil 1 nmr spectrum,PAS_C1_V27,double,10,,,,,,1
159,Coil 1 nmr spectrum,PAS_C1_V28,double,10,,,,,,1
160,Coil 1 nmr spectrum,PAS_C1_V29,double,10,,,,,,1
161,Coil 1 nmr spectrum,PAS_C1_V30,double,10,,,,,,1
162,Coil 1 nmr spectrum,PAS_C1_V31,double,10,,,,,,1
163,Coil 1 nmr spectrum,PAS_C1_V32,double,10,,,,,,1
164,Coil 1 nmr spectrum,PAS_C1_V33,double,10,,,,,,1
165,Coil 1 nmr spectrum,PAS_C1_V34,double,10,,,,,,1
166,Coil 1 nmr spectrum,PAS_C1_V35,double,10,,,,,,1
167,Coil 1 nmr spectrum,PAS_C1_V36,double,10,,,,,,1
168,Coil 1 nmr spectrum,PAS_C1_V37,double,10,,,,,,1
169,Coil 1 nmr spectrum,PAS_C1_V38,double,10,,,,,,1
170,Coil 1 nmr spectrum,PAS_C1_V39,double,10,,,,,,1
171,Coil 1 nmr spectrum,PAS_C1_V40,double,10,,,,,,1
172,Coil 1 nmr spectrum,PAS_C1_V41,double,10,,,,,,1
173,Coil 1 nmr spectrum,PAS_C1_V42,double,10,,,,,,1
174,Coil 1 nmr spectrum,PAS_C1_V43,double,10,,,,,,1
175,Coil 1 nmr spectrum,PAS_C1_V44,double,10,,,,,,1
176,Coil 1 nmr spectrum,PAS_C1_V45,double,10,,,,,,1
177,Coil 1 nmr spectrum,PAS_C1_V46,double,10,,,,,,1
178,Coil 1 nmr spectrum,PAS_C1_V47,double,10,,,,,,1
179,Coil 1 nmr spectrum,PAS_C1_V48,double,10,,,,,,1
180,Coil 1 nmr spectrum,PAS_C1_V49,double,10,,,,,,1
181,Coil 1 nmr spectrum,PAS_C1_V50,double,10,,,,,,1
182,Coil 1 nmr spectrum,PAS_C1_V51,double,10,,,,,,1
183,Coil 1 nmr spectrum,PAS_C1_V52,double,10,,,,,,1
184,Coil 1 nmr spectrum,PAS_C1_V53,double,10,,,,,,1
185,Coil 1 nmr spectrum,PAS_C1_V54,double,10,,,,,,1
186,Coil 1 nmr spectrum,PAS_C1_V55,double,10,,,,,,1
187,Coil 1 nmr spectrum,PAS_C1_V56,double,10,,,,,,1
188,Coil 1 nmr spectrum,PAS_C1_V57,double,10,,,,,,1
189,Coil 1 nmr spectrum,PAS_C1_V58,double,10,,,,,,1
190,Coil 1 nmr spectrum,PAS_C1_V59,double,10,,,,,,1
191,Coil 1 nmr spectrum,PAS_C1_V60,double,10,,,,,,1
192,Coil 1 nmr spectrum,PAS_C1_V61,double,10,,,,,,1
193,Coil 1 nmr spectrum,PAS_C1_V62,double,10,,,,,,1
194,Coil 1 nmr spectrum,PAS_C1_V63,double,10,,,,,,1
195,Coil 1 nmr spectrum,PAS_C1_V64,double,10,,,,,,1
196,Coil 1 nmr spectrum,PAS_C1_V65,double,10,,,,,,1
197,Coil 1 nmr spectrum,PAS_C1_V66,double,10,,,,,,1
198,Coil 1 nmr spectrum,PAS_C1_V67,double,10,,,,,,1
199,Coil 1 nmr spectrum,PAS_C1_V68,double,10,,,,,,1
200,Coil 1 nmr spectrum,PAS_C1_V69,double,10,,,,,,1
201,Coil 1 nmr spectrum,PAS_C1_V70,double,10,,,,,,1
202,Coil 1 nmr spectrum,PAS_C1_V71,double,10,,,,,,1
203,Coil 1 nmr spectrum,PAS_C1_V72,double,10,,,,,,1
204,Coil 1 nmr spectrum,PAS_C1_V73,double,10,,,,,,1
205,Coil 1 nmr spectrum,PAS_C1_V74,double,10,,,,,,1
206,Coil 1 nmr spectrum,PAS_C1_V75,double,10,,,,,,1
207,Coil 1 nmr spectrum,PAS_C1_V76,double,10,,,,,,1
208,Coil 1 nmr spectrum,PAS_C1_V77,double,10,,,,,,1
209,Coil 1 nmr spectrum,PAS_C1_V78,double,10,,,,,,1
210,Coil 1 nmr spectrum,PAS_C1_V79,double,10,,,,,,1
211,Coil 1 nmr spectrum,PAS_C1_V80,double,10,,,,,,1
212,Coil 1 nmr spectrum,PAS_C1_V81,double,10,,,,,,1
213,Coil 1 nmr spectrum,PAS_C1_V82,double,10,,,,,,1
214,Coil 1 nmr spectrum,PAS_C1_V83,double,10,,,,,,1
215,Coil 1 nmr spectrum,PAS_C1_V84,double,10,,,,,,1
216,Coil 1 nmr spectrum,PAS_C1_V85,double,10,,,,,,1
217,Coil 1 nmr spectrum,PAS_C1_V86,double,10,,,,,,1
218,Coil 1 nmr spectrum,PAS_C1_V87,double,10,,,,,,1
219,Coil 1 nmr spectrum,PAS_C1_V88,double,10,,,,,,1
220,Coil 1 nmr spectrum,PAS_C1_V89,double,10,,,,,,1
221,Coil 1 nmr spectrum,PAS_C1_V90,double,10,,,,,,1
222,Coil 1 nmr spectrum,PAS_C1_V91,double,10,,,,,,1
223,Coil 1 nmr spectrum,PAS_C1_V92,double,10,,,,,,1
224,Coil 1 nmr spectrum,PAS_C1_V93,double,10,,,,,,1
225,Coil 1 nmr spectrum,PAS_C1_V94,double,10,,,,,,1
226,Coil 1 nmr spectrum,PAS_C1_V95,double,10,,,,,,1
227,Coil 1 nmr spectrum,PAS_C1_V96,double,10,,,,,,1
228,Coil 1 nmr spectrum,PAS_C1_V97,double,10,,,,,,1
229,Coil 1 nmr spectrum,PAS_C1_V98,double,10,,,,,,1
230,Coil 1 nmr spectrum,PAS_C1_V99,double,10,,,,,,1
231,Coil 1 nmr spectrum,PAS_C1_V100,double,10,,,,,,1
232,Coil 1 nmr spectrum,PAS_C1_V101,double,10,,,,,,1
233,Coil 1 nmr spectrum,PAS_C1_V102,double,10,,,,,,1
234,Coil 1 nmr spectrum,PAS_C1_V103,double,10,,,,,,1
235,Coil 1 nmr spectrum,PAS_C1_V104,double,10,,,,,,1
236,Coil 1 nmr spectrum,PAS_C1_V105,double,10,,,,,,1
237,Coil 1 nmr spectrum,PAS_C1_V106,double,10,,,,,,1
238,Coil 1 nmr spectrum,PAS_C1_V107,double,10,,,,,,1
239,Coil 1 nmr spectrum,PAS_C1_V108,double,10,,,,,,1
240,Coil 1 nmr spectrum,PAS_C1_V109,double,10,,,,,,1
241,Coil 1 nmr spectrum,PAS_C1_V110,double,10,,,,,,1
242,Coil 1 nmr spectrum,PAS_C1_V111,double,10,,,,,,1
243,Coil 1 nmr spectrum,PAS_C1_V112,double,10,,,,,,1
244,Coil 1 nmr spectrum,PAS_C1_V113,double,10,,,,,,1
245,Coil 1 nmr spectrum,PAS_C1_V114,double,10,,,,,,1
246,Coil 1 nmr spectrum,PAS_C1_V115,double,10,,,,,,1
247,Coil 1 nmr spectrum,PAS_C1_V116,double,10,,,,,,1
248,Coil 1 nmr spectrum,PAS_C1_V117,double,10,,,,,,1
249,Coil 1 nmr spectrum,PAS_C1_V118,double,10,,,,,,1
250,Coil 1 nmr spectrum,PAS_C1_V119,double,10,,,,,,1
251,Coil 1 nmr spectrum,PAS_C1_V120,double,10,,,,,,1
252,Coil 1 nmr spectrum,PAS_C1_V121,double,10,,,,,,1
253,Coil 1 nmr spectrum,PAS_C1_V122,double,10,,,,,,1
254,Coil 1 nmr spectrum,PAS_C1_V123,double,10,,,,,,1
255,Coil 1 nmr spectrum,PAS_C1_V124,double,10,,,,,,1
256,Coil 1 nmr spectrum,PAS_C1_V125,double,10,,,,,,1
257,Coil 1 nmr spectrum,PAS_C1_V126,double,10,,,,,,1
258,Coil 1 nmr spectrum,PAS_C1_V127,double,10,,,,,,1
259,Coil 1 nmr spectrum,PAS_C1_V128,double,10,,,,,,1
260,Coil 1 nmr spectrum,PAS_C1_V129,double,10,,,,,,1
261,Coil 1 nmr spectrum,PAS_C1_V130,double,10,,,,,,1
262,Coil 1 nmr spectrum,PAS_C1_V131,double,10,,,,,,1
263,Coil 1 nmr spectrum,PAS_C1_V132,double,10,,,,,,1
264,Coil 1 nmr spectrum,PAS_C1_V133,double,10,,,,,,1
265,Coil 1 nmr spectrum,PAS_C1_V134,double,10,,,,,,1
266,Coil 1 nmr spectrum,PAS_C1_V135,double,10,,,,,,1
267,Coil 1 nmr spectrum,PAS_C1_V136,double,10,,,,,,1
268,Coil 1 nmr spectrum,PAS_C1_V137,double,10,,,,,,1
269,Coil 1 nmr spectrum,PAS_C1_V138,double,10,,,,,,1
270,Coil 1 nmr spectrum,PAS_C1_V139,double,10,,,,,,1
271,Coil 1 nmr spectrum,PAS_C1_V140,double,10,,,,,,1
272,Coil 1 nmr spectrum,PAS_C1_V141,double,10,,,,,,1
273,Coil 1 nmr spectrum,PAS_C1_V142,double,10,,,,,,1
274,Coil 1 nmr spectrum,PAS_C1_V143,double,10,,,,,,1
275,Coil 1 nmr spectrum,PAS_C1_V144,double,10,,,,,,1
276,Coil 1 nmr spectrum,PAS_C1_V145,double,10,,,,,,1
277,Coil 1 nmr spectrum,PAS_C1_V146,double,10,,,,,,1
278,Coil 1 nmr spectrum,PAS_C1_V147,double,10,,,,,,1
279,Coil 1 nmr spectrum,PAS_C1_V148,double,10,,,,,,1
280,Coil 1 nmr spectrum,PAS_C1_V149,double,10,,,,,,1
281,Coil 1 nmr spectrum,PAS_C1_V150,double,10,,,,,,1
282,Coil 1 nmr spectrum,PAS_C1_V151,double,10,,,,,,1
283,Coil 1 nmr spectrum,PAS_C1_V152,double,10,,,,,,1
284,Coil 1 nmr spectrum,PAS_C1_V153,double,10,,,,,,1
285,Coil 1 nmr spectrum,PAS_C1_V154,double,10,,,,,,1
286,Coil 1 nmr spectrum,PAS_C1_V155,double,10,,,,,,1
287,Coil 1 nmr spectrum,PAS_C1_V156,double,10,,,,,,1
288,Coil 1 nmr spectrum,PAS_C1_V157,double,10,,,,,,1
289,Coil 1 nmr spectrum,PAS_C1_V158,double,10,,,,,,1
290,Coil 1 nmr spectrum,PAS_C1_V159,double,10,,,,,,1
291,Coil 1 nmr spectrum,PAS_C1_V160,double,10,,,,,,1
292,Coil 1 nmr spectrum,PAS_C1_V161,double,10,,,,,,1
293,Coil 1 nmr spectrum,PAS_C1_V162,double,10,,,,,,1
294,Coil 1 nmr spectrum,PAS_C1_V163,double,10,,,,,,1
295,Coil 1 nmr spectrum,PAS_C1_V164,double,10,,,,,,1
296,Coil 1 nmr spectrum,PAS_C1_V165,double,10,,,,,,1
297,Coil 1 nmr spectrum,PAS_C1_V166,double,10,,,,,,1
298,Coil 1 nmr spectrum,PAS_C1_V167,double,10,,,,,,1
299,Coil 1 nmr spectrum,PAS_C1_V168,double,10,,,,,,1
300,Coil 1 nmr spectrum,PAS_C1_V169,double,10,,,,,,1
301,Coil 1 nmr spectrum,PAS_C1_V170,double,10,,,,,,1
302,Coil 1 nmr spectrum,PAS_C1_V171,double,10,,,,,,1
303,Coil 1 nmr spectrum,PAS_C1_V172,double,10,,,,,,1
304,Coil 1 nmr spectrum,PAS_C1_V173,double,10,,,,,,1
305,Coil 1 nmr spectrum,PAS_C1_V174,double,10,,,,,,1
306,Coil 1 nmr spectrum,PAS_C1_V175,double,10,,,,,,1
307,Coil 1 nmr spectrum,PAS_C1_V176,double,10,,,,,,1
308,Coil 1 nmr spectrum,PAS_C1_V177,double,10,,,,,,1
309,Coil 1 nmr spectrum,PAS_C1_V178,double,10,,,,,,1
310,Coil 1 nmr spectrum,PAS_C1_V179,double,10,,,,,,1
311,Coil 1 nmr spectrum,PAS_C1_V180,double,10,,,,,,1
312,Coil 1 nmr spectrum,PAS_C1_V181,double,10,,,,,,1
313,Coil 1 nmr spectrum,PAS_C1_V182,double,10,,,,,,1
314,Coil 1 nmr spectrum,PAS_C1_V183,double,10,,,,,,1
315,Coil 1 nmr spectrum,PAS_C1_V184,double,10,,,,,,1
316,Coil 1 nmr spectrum,PAS_C1_V185,double,10,,,,,,1
317,Coil 1 nmr spectrum,PAS_C1_V186,double,10,,,,,,1
318,Coil 1 nmr spectrum,PAS_C1_V187,double,10,,,,,,1
319,Coil 1 nmr spectrum,PAS_C1_V188,double,10,,,,,,1
320,Coil 1 nmr spectrum,PAS_C1_V189,double,10,,,,,,1
321,Coil 1 nmr spectrum,PAS_C1_V190,double,10,,,,,,1
322,Coil 1 nmr spectrum,PAS_C1_V191,double,10,,,,,,1
323,Coil 1 nmr spectrum,PAS_C1_V192,double,10,,,,,,1
324,Coil 1 nmr spectrum,PAS_C1_V193,double,10,,,,,,1
325,Coil 1 nmr spectrum,PAS_C1_V194,double,10,,,,,,1
326,Coil 1 nmr spectrum,PAS_C1_V195,double,10,,,,,,1
327,Coil 1 nmr spectrum,PAS_C1_V196,double,10,,,,,,1
328,Coil 1 nmr spectrum,PAS_C1_V197,double,10,,,,,,1
329,Coil 1 nmr spectrum,PAS_C1_V198,double,10,,,,,,1
330,Coil 1 nmr spectrum,PAS_C1_V199,double,10,,,,,,1
331,Coil 1 nmr spectrum,PAS_C1_V200,double,10,,,,,,1
332,Coil 1 nmr spectrum,PAS_C1_V201,double,10,,,,,,1
333,Coil 1 nmr spectrum,PAS_C1_V202,double,10,,,,,,1
334,Coil 1 nmr spectrum,PAS_C1_V203,double,10,,,,,,1
335,Coil 1 nmr spectrum,PAS_C1_V204,double,10,,,,,,1
336,Coil 1 nmr spectrum,PAS_C1_V205,double,10,,,,,,1
337,Coil 1 nmr spectrum,PAS_C1_V206,double,10,,,,,,1
338,Coil 1 nmr spectrum,PAS_C1_V207,double,10,,,,,,1
339,Coil 1 nmr spectrum,PAS_C1_V208,double,10,,,,,,1
340,Coil 1 nmr spectrum,PAS_C1_V209,double,10,,,,,,1
341,Coil 1 nmr spectrum,PAS_C1_V210,double,10,,,,,,1
342,Coil 1 nmr spectrum,PAS_C1_V211,double,10,,,,,,1
343,Coil 1 nmr spectrum,PAS_C1_V212,double,10,,,,,,1
344,Coil 1 nmr spectrum,PAS_C1_V213,double,10,,,,,,1
345,Coil 1 nmr spectrum,PAS_C1_V214,double,10,,,,,,1
346,Coil 1 nmr spectrum,PAS_C1_V215,double,10,,,,,,1
347,Coil 1 nmr spectrum,PAS_C1_V216,double,10,,,,,,1
348,Coil 1 nmr spectrum,PAS_C1_V217,double,10,,,,,,1
349,Coil 1 nmr spectrum,PAS_C1_V218,double,10,,,,,,1
350,Coil 1 nmr spectrum,PAS_C1_V219,double,10,,,,,,1
351,Coil 1 nmr spectrum,PAS_C1_V220,double,10,,,,,,1
352,Coil 1 nmr spectrum,PAS_C1_V221,double,10,,,,,,1
353,Coil 1 nmr spectrum,PAS_C1_V222,double,10,,,,,,1
354,Coil 1 nmr spectrum,PAS_C1_V223,double,10,,,,,,1
355,Coil 1 nmr spectrum,PAS_C1_V224,double,10,,,,,,1
356,Coil 1 nmr spectrum,PAS_C1_V225,double,10,,,,,,1
357,Coil 1 nmr spectrum,PAS_C1_V226,double,10,,,,,,1
358,Coil 1 nmr spectrum,PAS_C1_V227,double,10,,,,,,1
359,Coil 1 nmr spectrum,PAS_C1_V228,double,10,,,,,,1
360,Coil 1 nmr spectrum,PAS_C1_V229,double,10,,,,,,1
361,Coil 1 nmr spectrum,PAS_C1_V230,double,10,,,,,,1
362,Coil 1 nmr spectrum,PAS_C1_V231,double,10,,,,,,1
363,Coil 1 nmr spectrum,PAS_C1_V232,double,10,,,,,,1
364,Coil 1 nmr spectrum,PAS_C1_V233,double,10,,,,,,1
365,Coil 1 nmr spectrum,PAS_C1_V234,double,10,,,,,,1
366,Coil 1 nmr spectrum,PAS_C1_V235,double,10,,,,,,1
367,Coil 1 nmr spectrum,PAS_C1_V236,double,10,,,,,,1
368,Coil 1 nmr spectrum,PAS_C1_V237,double,10,,,,,,1
369,Coil 1 nmr spectrum,PAS_C1_V238,double,10,,,,,,1
370,Coil 1 nmr spectrum,PAS_C1_V239,double,10,,,,,,1
371,Coil 1 nmr spectrum,PAS_C1_V240,double,10,,,,,,1
372,Coil 1 nmr spectrum,PAS_C1_V241,double,10,,,,,,1
373,Coil 1 nmr spectrum,PAS_C1_V242,double,10,,,,,,1
374,Coil 1 nmr spectrum,PAS_C1_V243,double,10,,,,,,1
375,Coil 1 nmr spectrum,PAS_C1_V244,double,10,,,,,,1
376,Coil 1 nmr spectrum,PAS_C1_V245,double,10,,,,,,1
377,Coil 1 nmr spectrum,PAS_C1_V246,double,10,,,,,,1
378,Coil 1 nmr spectrum,PAS_C1_V247,double,10,,,,,,1
379,Coil 1 nmr spectrum,PAS_C1_V248,double,10,,,,,,1
380,Coil 1 nmr spectrum,PAS_C1_V249,double,10,,,,,,1
381,Coil 1 nmr spectrum,PAS_C1_V250,double,10,,,,,,1
382,Coil 1 nmr spectrum,PAS_C1_V251,double,10,,,,,,1
383,Coil 1 nmr spectrum,PAS_C1_V252,double,10,,,,,,1
384,Coil 1 nmr spectrum,PAS_C1_V253,double,10,,,,,,1
385,Coil 1 nmr spectrum,PAS_C1_V254,double,10,,,,,,1
386,Coil 1 nmr spectrum,PAS_C1_V255,double,10,,,,,,1
387,Coil 1 nmr spectrum,PAS_C1_V256,double,10,,,,,,1
388,Coil 1 nmr spectrum,PAS_C1_V257,double,10,,,,,,1
389,Coil 1 nmr spectrum,PAS_C1_V258,double,10,,,,,,1
390,Coil 1 nmr spectrum,PAS_C1_V259,double,10,,,,,,1
391,Coil 1 nmr spectrum,PAS_C1_V260,double,10,,,,,,1
392,Coil 1 nmr spectrum,PAS_C1_V261,double,10,,,,,,1
393,Coil 1 nmr spectrum,PAS_C1_V262,double,10,,,,,,1
394,Coil 1 nmr spectrum,PAS_C1_V263,double,10,,,,,,1
395,Coil 1 nmr spectrum,PAS_C1_V264,double,10,,,,,,1
396,Coil 1 nmr spectrum,PAS_C1_V265,double,10,,,,,,1
397,Coil 1 nmr spectrum,PAS_C1_V266,double,10,,,,,,1
398,Coil 1 nmr spectrum,PAS_C1_V267,double,10,,,,,,1
399,Coil 1 nmr spectrum,PAS_C1_V268,double,10,,,,,,1
400,Coil 1 nmr spectrum,PAS_C1_V269,double,10,,,,,,1
401,Coil 1 nmr spectrum,PAS_C1_V270,double,10,,,,,,1
402,Coil 1 nmr spectrum,PAS_C1_V271,double,10,,,,,,1
403,Coil 1 nmr spectrum,PAS_C1_V272,double,10,,,,,,1
404,Coil 1 nmr spectrum,PAS_C1_V273,double,10,,,,,,1
405,Coil 1 nmr spectrum,PAS_C1_V274,double,10,,,,,,1
406,Coil 1 nmr spectrum,PAS_C1_V275,double,10,,,,,,1
407,Coil 1 nmr spectrum,PAS_C1_V276,double,10,,,,,,1
408,Coil 1 nmr spectrum,PAS_C1_V277,double,10,,,,,,1
409,Coil 1 nmr spectrum,PAS_C1_V278,double,10,,,,,,1
410,Coil 1 nmr spectrum,PAS_C1_V279,double,10,,,,,,1
411,Coil 1 nmr spectrum,PAS_C1_V280,double,10,,,,,,1
412,Coil 1 nmr spectrum,PAS_C1_V281,double,10,,,,,,1
413,Coil 1 nmr spectrum,PAS_C1_V282,double,10,,,,,,1
414,Coil 1 nmr spectrum,PAS_C1_V283,double,10,,,,,,1
415,Coil 1 nmr spectrum,PAS_C1_V284,double,10,,,,,,1
416,Coil 1 nmr spectrum,PAS_C1_V285,double,10,,,,,,1
417,Coil 1 nmr spectrum,PAS_C1_V286,double,10,,,,,,1
418,Coil 1 nmr spectrum,PAS_C1_V287,double,10,,,,,,1
419,Coil 1 nmr spectrum,PAS_C1_V288,double,10,,,,,,1
420,Coil 1 nmr spectrum,PAS_C1_V289,double,10,,,,,,1
421,Coil 1 nmr spectrum,PAS_C1_V290,double,10,,,,,,1
422,Coil 1 nmr spectrum,PAS_C1_V291,double,10,,,,,,1
423,Coil 1 nmr spectrum,PAS_C1_V292,double,10,,,,,,1
424,Coil 1 nmr spectrum,PAS_C1_V293,double,10,,,,,,1
425,Coil 1 nmr spectrum,PAS_C1_V294,double,10,,,,,,1
426,Coil 1 nmr spectrum,PAS_C1_V295,double,10,,,,,,1
427,Coil 1 nmr spectrum,PAS_C1_V296,double,10,,,,,,1
428,Coil 1 nmr spectrum,PAS_C1_V297,double,10,,,,,,1
429,Coil 1 nmr spectrum,PAS_C1_V298,double,10,,,,,,1
430,Coil 1 nmr spectrum,PAS_C1_V299,double,10,,,,,,1
431,Coil 1 nmr spectrum,PAS_C1_V300,double,10,,,,,,1
432,Coil 1 nmr spectrum,PAS_C1_V301,double,10,,,,,,1
433,Coil 1 nmr spectrum,PAS_C1_V302,double,10,,,,,,1
434,Coil 1 nmr spectrum,PAS_C1_V303,double,10,,,,,,1
435,Coil 1 nmr spectrum,PAS_C1_V304,double,10,,,,,,1
436,Coil 1 nmr spectrum,PAS_C1_V305,double,10,,,,,,1
437,Coil 1 nmr spectrum,PAS_C1_V306,double,10,,,,,,1
438,Coil 1 nmr spectrum,PAS_C1_V307,double,10,,,,,,1
439,Coil 1 nmr spectrum,PAS_C1_V308,double,10,,,,,,1
440,Coil 1 nmr spectrum,PAS_C1_V309,double,10,,,,,,1
441,Coil 1 nmr spectrum,PAS_C1_V310,double,10,,,,,,1
442,Coil 1 nmr spectrum,PAS_C1_V311,double,10,,,,,,1
443,Coil 1 nmr spectrum,PAS_C1_V312,double,10,,,,,,1
444,Coil 1 nmr spectrum,PAS_C1_V313,double,10,,,,,,1
445,Coil 1 nmr spectrum,PAS_C1_V314,double,10,,,,,,1
446,Coil 1 nmr spectrum,PAS_C1_V315,double,10,,,,,,1
447,Coil 1 nmr spectrum,PAS_C1_V316,double,10,,,,,,1
448,Coil 1 nmr spectrum,PAS_C1_V317,double,10,,,,,,1
449,Coil 1 nmr spectrum,PAS_C1_V318,double,10,,,,,,1
450,Coil 1 nmr spectrum,PAS_C1_V319,double,10,,,,,,1
451,Coil 1 nmr spectrum,PAS_C1_V320,double,10,,,,,,1
452,Coil 1 nmr spectrum,PAS_C1_V321,double,10,,,,,,1
453,Coil 1 nmr spectrum,PAS_C1_V322,double,10,,,,,,1
454,Coil 1 nmr spectrum,PAS_C1_V323,double,10,,,,,,1
455,Coil 1 nmr spectrum,PAS_C1_V324,double,10,,,,,,1
456,Coil 1 nmr spectrum,PAS_C1_V325,double,10,,,,,,1
457,Coil 1 nmr spectrum,PAS_C1_V326,double,10,,,,,,1
458,Coil 1 nmr spectrum,PAS_C1_V327,double,10,,,,,,1
459,Coil 1 nmr spectrum,PAS_C1_V328,double,10,,,,,,1
460,Coil 1 nmr spectrum,PAS_C1_V329,double,10,,,,,,1
461,Coil 1 nmr spectrum,PAS_C1_V330,double,10,,,,,,1
462,Coil 1 nmr spectrum,PAS_C1_V331,double,10,,,,,,1
463,Coil 1 nmr spectrum,PAS_C1_V332,double,10,,,,,,1
464,Coil 1 nmr spectrum,PAS_C1_V333,double,10,,,,,,1
465,Coil 1 nmr spectrum,PAS_C1_V334,double,10,,,,,,1
466,Coil 1 nmr spectrum,PAS_C1_V335,double,10,,,,,,1
467,Coil 1 nmr spectrum,PAS_C1_V336,double,10,,,,,,1
468,Coil 1 nmr spectrum,PAS_C1_V337,double,10,,,,,,1
469,Coil 1 nmr spectrum,PAS_C1_V338,double,10,,,,,,1
470,Coil 1 nmr spectrum,PAS_C1_V339,double,10,,,,,,1
471,Coil 1 nmr spectrum,PAS_C1_V340,double,10,,,,,,1
472,Coil 1 nmr spectrum,PAS_C1_V341,double,10,,,,,,1
473,Coil 1 nmr spectrum,PAS_C1_V342,double,10,,,,,,1
474,Coil 1 nmr spectrum,PAS_C1_V343,double,10,,,,,,1
475,Coil 1 nmr spectrum,PAS_C1_V344,double,10,,,,,,1
476,Coil 1 nmr spectrum,PAS_C1_V345,double,10,,,,,,1
477,Coil 1 nmr spectrum,PAS_C1_V346,double,10,,,,,,1
478,Coil 1 nmr spectrum,PAS_C1_V347,double,10,,,,,,1
479,Coil 1 nmr spectrum,PAS_C1_V348,double,10,,,,,,1
480,Coil 1 nmr spectrum,PAS_C1_V349,double,10,,,,,,1
481,Coil 1 nmr spectrum,PAS_C1_V350,double,10,,,,,,1
482,Coil 1 nmr spectrum,PAS_C1_V351,double,10,,,,,,1
483,Coil 1 nmr spectrum,PAS_C1_V352,double,10,,,,,,1
484,Coil 1 nmr spectrum,PAS_C1_V353,double,10,,,,,,1
485,Coil 1 nmr spectrum,PAS_C1_V354,double,10,,,,,,1
486,Coil 1 nmr spectrum,PAS_C1_V355,double,10,,,,,,1
487,Coil 1 nmr spectrum,PAS_C1_V356,double,10,,,,,,1
488,Coil 1 nmr spectrum,PAS_C1_V357,double,10,,,,,,1
489,Coil 1 nmr spectrum,PAS_C1_V358,double,10,,,,,,1
490,Coil 1 nmr spectrum,PAS_C1_V359,double,10,,,,,,1
491,Coil 1 nmr spectrum,PAS_C1_V360,double,10,,,,,,1
492,Coil 1 nmr spectrum,PAS_C1_V361,double,10,,,,,,1
493,Coil 1 nmr spectrum,PAS_C1_V362,double,10,,,,,,1
494,Coil 1 nmr spectrum,PAS_C1_V363,double,10,,,,,,1
495,Coil 1 nmr spectrum,PAS_C1_V364,double,10,,,,,,1
496,Coil 1 nmr spectrum,PAS_C1_V365,double,10,,,,,,1
497,Coil 1 nmr spectrum,PAS_C1_V366,double,10,,,,,,1
498,Coil 1 nmr spectrum,PAS_C1_V367,double,10,,,,,,1
499,Coil 1 nmr spectrum,PAS_C1_V368,double,10,,,,,,1
500,Coil 1 nmr spectrum,PAS_C1_V369,double,10,,,,,,1
501,Coil 1 nmr spectrum,PAS_C1_V370,double,10,,,,,,1
502,Coil 1 nmr spectrum,PAS_C1_V371,double,10,,,,,,1
503,Coil 1 nmr spectrum,PAS_C1_V372,double,10,,,,,,1
504,Coil 1 nmr spectrum,PAS_C1_V373,double,10,,,,,,1
505,Coil 1 nmr spectrum,PAS_C1_V374,double,10,,,,,,1
506,Coil 1 nmr spectrum,PAS_C1_V375,double,10,,,,,,1
507,Coil 1 nmr spectrum,PAS_C1_V376,double,10,,,,,,1
508,Coil 1 nmr spectrum,PAS_C1_V377,double,10,,,,,,1
509,Coil 1 nmr spectrum,PAS_C1_V378,double,10,,,,,,1
510,Coil 1 nmr spectrum,PAS_C1_V379,double,10,,,,,,1
511,Coil 1 nmr spectrum,PAS_C1_V380,double,10,,,,,,1
512,Coil 1 nmr spectrum,PAS_C1_V381,double,10,,,,,,1
513,Coil 1 nmr spectrum,PAS_C1_V382,double,10,,,,,,1
514,Coil 1 nmr spectrum,PAS_C1_V383,double,10,,,,,,1
515,Coil 1 nmr spectrum,PAS_C1_V384,double,10,,,,,,1
516,Coil 1 nmr spectrum,PAS_C1_V385,double,10,,,,,,1
517,Coil 1 nmr spectrum,PAS_C1_V386,double,10,,,,,,1
518,Coil 1 nmr spectrum,PAS_C1_V387,double,10,,,,,,1
519,Coil 1 nmr spectrum,PAS_C1_V388,double,10,,,,,,1
520,Coil 1 nmr spectrum,PAS_C1_V389,double,10,,,,,,1
521,Coil 1 nmr spectrum,PAS_C1_V390,double,10,,,,,,1
522,Coil 1 nmr spectrum,PAS_C1_V391,double,10,,,,,,1
523,Coil 1 nmr spectrum,PAS_C1_V392,double,10,,,,,,1
524,Coil 1 nmr spectrum,PAS_C1_V393,double,10,,,,,,1
525,Coil 1 nmr spectrum,PAS_C1_V394,double,10,,,,,,1
526,Coil 1 nmr spectrum,PAS_C1_V395,double,10,,,,,,1
527,Coil 1 nmr spectrum,PAS_C1_V396,double,10,,,,,,1
528,Coil 1 nmr spectrum,PAS_C1_V397,double,10,,,,,,1
529,Coil 1 nmr spectrum,PAS_C1_V398,double,10,,,,,,1
530,Coil 1 nmr spectrum,PAS_C1_V399,double,10,,,,,,1
531,Coil 1 nmr spectrum,PAS_C1_V400,double,10,,,,,,1
532,Coil 1 nmr spectrum,PAS_C1_V401,double,10,,,,,,1
533,Coil 1 nmr spectrum,PAS_C1_V402,double,10,,,,,,1
534,Coil 1 nmr spectrum,PAS_C1_V403,double,10,,,,,,1
535,Coil 1 nmr spectrum,PAS_C1_V404,double,10,,,,,,1
536,Coil 1 nmr spectrum,PAS_C1_V405,double,10,,,,,,1
537,Coil 1 nmr spectrum,PAS_C1_V406,double,10,,,,,,1
538,Coil 1 nmr spectrum,PAS_C1_V407,double,10,,,,,,1
539,Coil 1 nmr spectrum,PAS_C1_V408,double,10,,,,,,1
540,Coil 1 nmr spectrum,PAS_C1_V409,double,10,,,,,,1
541,Coil 1 nmr spectrum,PAS_C1_V410,double,10,,,,,,1
542,Coil 1 nmr spectrum,PAS_C1_V411,double,10,,,,,,1
543,Coil 1 nmr spectrum,PAS_C1_V412,double,10,,,,,,1
544,Coil 1 nmr spectrum,PAS_C1_V413,double,10,,,,,,1
545,Coil 1 nmr spectrum,PAS_C1_V414,double,10,,,,,,1
546,Coil 1 nmr spectrum,PAS_C1_V415,double,10,,,,,,1
547,Coil 1 nmr spectrum,PAS_C1_V416,double,10,,,,,,1
548,Coil 1 nmr spectrum,PAS_C1_V417,double,10,,,,,,1
549,Coil 1 nmr spectrum,PAS_C1_V418,double,10,,,,,,1
550,Coil 1 nmr spectrum,PAS_C1_V419,double,10,,,,,,1
551,Coil 1 nmr spectrum,PAS_C1_V420,double,10,,,,,,1
552,Coil 1 nmr spectrum,PAS_C1_V421,double,10,,,,,,1
553,Coil 1 nmr spectrum,PAS_C1_V422,double,10,,,,,,1
554,Coil 1 nmr spectrum,PAS_C1_V423,double,10,,,,,,1
555,Coil 1 nmr spectrum,PAS_C1_V424,double,10,,,,,,1
556,Coil 1 nmr spectrum,PAS_C1_V425,double,10,,,,,,1
557,Coil 1 nmr spectrum,PAS_C1_V426,double,10,,,,,,1
558,Coil 1 nmr spectrum,PAS_C1_V427,double,10,,,,,,1
559,Coil 1 nmr spectrum,PAS_C1_V428,double,10,,,,,,1
560,Coil 1 nmr spectrum,PAS_C1_V429,double,10,,,,,,1
561,Coil 1 nmr spectrum,PAS_C1_V430,double,10,,,,,,1
562,Coil 1 nmr spectrum,PAS_C1_V431,double,10,,,,,,1
563,Coil 1 nmr spectrum,PAS_C1_V432,double,10,,,,,,1
564,Coil 1 nmr spectrum,PAS_C1_V433,double,10,,,,,,1
565,Coil 1 nmr spectrum,PAS_C1_V434,double,10,,,,,,1
566,Coil 1 nmr spectrum,PAS_C1_V435,double,10,,,,,,1
567,Coil 1 nmr spectrum,PAS_C1_V436,double,10,,,,,,1
568,Coil 1 nmr spectrum,PAS_C1_V437,double,10,,,,,,1
569,Coil 1 nmr spectrum,PAS_C1_V438,double,10,,,,,,1
570,Coil 1 nmr spectrum,PAS_C1_V439,double,10,,,,,,1
571,Coil 1 nmr spectrum,PAS_C1_V440,double,10,,,,,,1
572,Coil 1 nmr spectrum,PAS_C1_V441,double,10,,,,,,1
573,Coil 1 nmr spectrum,PAS_C1_V442,double,10,,,,,,1
574,Coil 1 nmr spectrum,PAS_C1_V443,double,10,,,,,,1
575,Coil 1 nmr spectrum,PAS_C1_V444,double,10,,,,,,1
576,Coil 1 nmr spectrum,PAS_C1_V445,double,10,,,,,,1
577,Coil 1 nmr spectrum,PAS_C1_V446,double,10,,,,,,1
578,Coil 1 nmr spectrum,PAS_C1_V447,double,10,,,,,,1
579,Coil 1 nmr spectrum,PAS_C1_V448,double,10,,,,,,1
580,Coil 1 nmr spectrum,PAS_C1_V449,double,10,,,,,,1
581,Coil 1 nmr spectrum,PAS_C1_V450,double,10,,,,,,1
582,Coil 1 nmr spectrum,PAS_C1_V451,double,10,,,,,,1
583,Coil 1 nmr spectrum,PAS_C1_V452,double,10,,,,,,1
584,Coil 1 nmr spectrum,PAS_C1_V453,double,10,,,,,,1
585,Coil 1 nmr spectrum,PAS_C1_V454,double,10,,,,,,1
586,Coil 1 nmr spectrum,PAS_C1_V455,double,10,,,,,,1
587,Coil 1 nmr spectrum,PAS_C1_V456,double,10,,,,,,1
588,Coil 1 nmr spectrum,PAS_C1_V457,double,10,,,,,,1
589,Coil 1 nmr spectrum,PAS_C1_V458,double,10,,,,,,1
590,Coil 1 nmr spectrum,PAS_C1_V459,double,10,,,,,,1
591,Coil 1 nmr spectrum,PAS_C1_V460,double,10,,,,,,1
592,Coil 1 nmr spectrum,PAS_C1_V461,double,10,,,,,,1
593,Coil 1 nmr spectrum,PAS_C1_V462,double,10,,,,,,1
594,Coil 1 nmr spectrum,PAS_C1_V463,double,10,,,,,,1
595,Coil 1 nmr spectrum,PAS_C1_V464,double,10,,,,,,1
596,Coil 1 nmr spectrum,PAS_C1_V465,double,10,,,,,,1
597,Coil 1 nmr spectrum,PAS_C1_V466,double,10,,,,,,1
598,Coil 1 nmr spectrum,PAS_C1_V467,double,10,,,,,,1
599,Coil 1 nmr spectrum,PAS_C1_V468,double,10,,,,,,1
600,Coil 1 nmr spectrum,PAS_C1_V469,double,10,,,,,,1
601,Coil 1 nmr spectrum,PAS_C1_V470,double,10,,,,,,1
602,Coil 1 nmr spectrum,PAS_C1_V471,double,10,,,,,,1
603,Coil 1 nmr spectrum,PAS_C1_V472,double,10,,,,,,1
604,Coil 1 nmr spectrum,PAS_C1_V473,double,10,,,,,,1
605,Coil 1 nmr spectrum,PAS_C1_V474,double,10,,,,,,1
606,Coil 1 nmr spectrum,PAS_C1_V475,double,10,,,,,,1
607,Coil 1 nmr spectrum,PAS_C1_V476,double,10,,,,,,1
608,Coil 1 nmr spectrum,PAS_C1_V477,double,10,,,,,,1
609,Coil 1 nmr spectrum,PAS_C1_V478,double,10,,,,,,1
610,Coil 1 nmr spectrum,PAS_C1_V479,double,10,,,,,,1
611,Coil 1 nmr spectrum,PAS_C1_V480,double,10,,,,,,1
612,Coil 1 nmr spectrum,PAS_C1_V481,double,10,,,,,,1
613,Coil 1 nmr spectrum,PAS_C1_V482,double,10,,,,,,1
614,Coil 1 nmr spectrum,PAS_C1_V483,double,10,,,,,,1
615,Coil 1 nmr spectrum,PAS_C1_V484,double,10,,,,,,1
616,Coil 1 nmr spectrum,PAS_C1_V485,double,10,,,,,,1
617,Coil 1 nmr spectrum,PAS_C1_V486,double,10,,,,,,1
618,Coil 1 nmr spectrum,PAS_C1_V487,double,10,,,,,,1
619,Coil 1 nmr spectrum,PAS_C1_V488,double,10,,,,,,1
620,Coil 1 nmr spectrum,PAS_C1_V489,double,10,,,,,,1
621,Coil 1 nmr spectrum,PAS_C1_V490,double,10,,,,,,1
622,Coil 1 nmr spectrum,PAS_C1_V491,double,10,,,,,,1
623,Coil 1 nmr spectrum,PAS_C1_V492,double,10,,,,,,1
624,Coil 1 nmr spectrum,PAS_C1_V493,double,10,,,,,,1
625,Coil 1 nmr spectrum,PAS_C1_V494,double,10,,,,,,1
626,Coil 1 nmr spectrum,PAS_C1_V495,double,10,,,,,,1
627,Coil 1 nmr spectrum,PAS_C1_V496,double,10,,,,,,1
628,Coil 1 nmr spectrum,PAS_C1_V497,double,10,,,,,,1
629,Coil 1 nmr spectrum,PAS_C1_V498,double,10,,,,,,1
630,Coil 1 nmr spectrum,PAS_C1_V499,double,10,,,,,,1
631,Coil 1 nmr spectrum,PAS_C1_V500,double,10,,,,,,1
632,Coil 2 ladder location,PAS_C2_LADL,string,10,,,,,,1
633,Coil 2 board number,PAS_C2_BRDN,integer,10,,,,,,1
634,Coil 2 baseline file,PAS_C2_BAFN,string,10,,,,,,1
635,Coil 2 TE file,PAS_C2_TEFN,string,10,,,,,,1
636,Coil 2 calibration constant,PAS_C2_CALC,double,10,,,,,,1
637,Coil 2 R&S on/off,PAS_C2_RSON,integer,10,,,,,,1
638,Coil 2 RF center frequency,PAS_C2_RFF0,double,10,,,,,,1
639,Coil 2 RF frequency step size,PAS_C2_RFFS,double,10,,,,,,1
640,Coil 2 RF number of frequency steps,PAS_C2_RFFN,integer,10,,,,,,1
641,Coil 2 RF power,PAS_C2_RFPW,double,10,,,,,,1
642,Coil 2 RF switch on/off,PAS_C2_RFON,integer,10,,,,,,1
643,Coil 2 RF attenuation,PAS_C2_RFAT,double,10,,,,,,1
644,Coil 2 gain setting,PAS_C2_GAIN,integer,10,,,,,,1
645,Coil 2 number of sweeps per event,PAS_C2_NSPE,integer,10,,,,,,1
646,Coil 2 LCR tune voltage,PAS_C2_LCRV,double,10,,,,,,1
647,Coil 2 phase tune voltage,PAS_C2_PHAV,double,10,,,,,,1
648,Coil 2 offset voltage,PAS_C2_OFFV,double,10,,,,,,1
649,Coil 2 on board PS voltage,PAS_C2_BPSV,double,10,,,,,,1
650,Coil 2 peak position,PAS_C2_PEF0,double,10,,,,,,1
651,Coil 2 peak amplitude,PAS_C2_PEAM,double,10,,,,,,1
652,Coil 2 signal area,PAS_C2_AREA,double,10,,,,,,1
653,Coil 2 polarization,PAS_C2_POLN,double,10,,,,,,1
654,Coil 2 nmr spectrum,PAS_C2_V1,double,10,,,,,,1
655,Coil 2 nmr spectrum,PAS_C2_V2,double,10,,,,,,1
656,Coil 2 nmr spectrum,PAS_C2_V3,double,10,,,,,,1
657,Coil 2 nmr spectrum,PAS_C2_V4,double,10,,,,,,1
658,Coil 2 nmr spectrum,PAS_C2_V5,double,10,,,,,,1
659,Coil 2 nmr spectrum,PAS_C2_V6,double,10,,,,,,1
660,Coil 2 nmr spectrum,PAS_C2_V7,double,10,,,,,,1
661,Coil 2 nmr spectrum,PAS_C2_V8,double,10,,,,,,1
662,Coil 2 nmr spectrum,PAS_C2_V9,double,10,,,,,,1
663,Coil 2 nmr spectrum,PAS_C2_V10,double,10,,,,,,1
664,Coil 2 nmr spectrum,PAS_C2_V11,double,10,,,,,,1
665,Coil 2 nmr spectrum,PAS_C2_V12,double,10,,,,,,1
666,Coil 2 nmr spectrum,PAS_C2_V13,double,10,,,,,,1
667,Coil 2 nmr spectrum,PAS_C2_V14,double,10,,,,,,1
668,Coil 2 nmr spectrum,PAS_C2_V15,double,10,,,,,,1
669,Coil 2 nmr spectrum,PAS_C2_V16,double,10,,,,,,1
670,Coil 2 nmr spectrum,PAS_C2_V17,double,10,,,,,,1
671,Coil 2 nmr spectrum,PAS_C2_V18,double,10,,,,,,1
672,Coil 2 nmr spectrum,PAS_C2_V19,double,10,,,,,,1
673,Coil 2 nmr spectrum,PAS_C2_V20,double,10,,,,,,1
674,Coil 2 nmr spectrum,PAS_C2_V21,double,10,,,,,,1
675,Coil 2 nmr spectrum,PAS_C2_V22,double,10,,,,,,1
676,Coil 2 nmr spectrum,PAS_C2_V23,double,10,,,,,,1
677,Coil 2 nmr spectrum,PAS_C2_V24,double,10,,,,,,1
678,Coil 2 nmr spectrum,PAS_C2_V25,double,10,,,,,,1
679,Coil 2 nmr spectrum,PAS_C2_V26,double,10,,,,,,1
680,Coil 2 nmr spectrum,PAS_C2_V27,double,10,,,,,,1
681,Coil 2 nmr spectrum,PAS_C2_V28,double,10,,,,,,1
682,Coil 2 nmr spectrum,PAS_C2_V29,double,10,,,,,,1
683,Coil 2 nmr spectrum,PAS_C2_V30,double,10,,,,,,1
684,Coil 2 nmr spectrum,PAS_C2_V31,double,10,,,,,,1
685,Coil 2 nmr spectrum,PAS_C2_V32,double,10,,,,,,1
686,Coil 2 nmr spectrum,PAS_C2_V33,double,10,,,,,,1
687,Coil 2 nmr spectrum,PAS_C2_V34,double,10,,,,,,1
688,Coil 2 nmr spectrum,PAS_C2_V35,double,10,,,,,,1
689,Coil 2 nmr spectrum,PAS_C2_V36,double,10,,,,,,1
690,Coil 2 nmr spectrum,PAS_C2_V37,double,10,,,,,,1
691,Coil 2 nmr spectrum,PAS_C2_V38,double,10,,,,,,1
692,Coil 2 nmr spectrum,PAS_C2_V39,double,10,,,,,,1
693,Coil 2 nmr spectrum,PAS_C2_V40,double,10,,,,,,1
694,Coil 2 nmr spectrum,PAS_C2_V41,double,10,,,,,,1
695,Coil 2 nmr spectrum,PAS_C2_V42,double,10,,,,,,1
696,Coil 2 nmr spectrum,PAS_C2_V43,double,10,,,,,,1
697,Coil 2 nmr spectrum,PAS_C2_V44,double,10,,,,,,1
698,Coil 2 nmr spectrum,PAS_C2_V45,double,10,,,,,,1
699,Coil 2 nmr spectrum,PAS_C2_V46,double,10,,,,,,1
700,Coil 2 nmr spectrum,PAS_C2_V47,double,10,,,,,,1
701,Coil 2 nmr spectrum,PAS_C2_V48,double,10,,,,,,1
702,Coil 2 nmr spectrum,PAS_C2_V49,double,10,,,,,,1
703,Coil 2 nmr spectrum,PAS_C2_V50,double,10,,,,,,1
704,Coil 2 nmr spectrum,PAS_C2_V51,double,10,,,,,,1
705,Coil 2 nmr spectrum,PAS_C2_V52,double,10,,,,,,1
706,Coil 2 nmr spectrum,PAS_C2_V53,double,10,,,,,,1
707,Coil 2 nmr spectrum,PAS_C2_V54,double,10,,,,,,1
708,Coil 2 nmr spectrum,PAS_C2_V55,double,10,,,,,,1
709,Coil 2 nmr spectrum,PAS_C2_V56,double,10,,,,,,1
710,Coil 2 nmr spectrum,PAS_C2_V57,double,10,,,,,,1
711,Coil 2 nmr spectrum,PAS_C2_V58,double,10,,,,,,1
712,Coil 2 nmr spectrum,PAS_C2_V59,double,10,,,,,,1
713,Coil 2 nmr spectrum,PAS_C2_V60,double,10,,,,,,1
714,Coil 2 nmr spectrum,PAS_C2_V61,double,10,,,,,,1
715,Coil 2 nmr spectrum,PAS_C2_V62,double,10,,,,,,1
716,Coil 2 nmr spectrum,PAS_C2_V63,double,10,,,,,,1
717,Coil 2 nmr spectrum,PAS_C2_V64,double,10,,,,,,1
718,Coil 2 nmr spectrum,PAS_C2_V65,double,10,,,,,,1
719,Coil 2 nmr spectrum,PAS_C2_V66,double,10,,,,,,1
720,Coil 2 nmr spectrum,PAS_C2_V67,double,10,,,,,,1
721,Coil 2 nmr spectrum,PAS_C2_V68,double,10,,,,,,1
722,Coil 2 nmr spectrum,PAS_C2_V69,double,10,,,,,,1
723,Coil 2 nmr spectrum,PAS_C2_V70,double,10,,,,,,1
724,Coil 2 nmr spectrum,PAS_C2_V71,double,10,,,,,,1
725,Coil 2 nmr spectrum,PAS_C2_V72,double,10,,,,,,1
726,Coil 2 nmr spectrum,PAS_C2_V73,double,10,,,,,,1
727,Coil 2 nmr spectrum,PAS_C2_V74,double,10,,,,,,1
728,Coil 2 nmr spectrum,PAS_C2_V75,double,10,,,,,,1
729,Coil 2 nmr spectrum,PAS_C2_V76,double,10,,,,,,1
730,Coil 2 nmr spectrum,PAS_C2_V77,double,10,,,,,,1
731,Coil 2 nmr spectrum,PAS_C2_V78,double,10,,,,,,1
732,Coil 2 nmr spectrum,PAS_C2_V79,double,10,,,,,,1
733,Coil 2 nmr spectrum,PAS_C2_V80,double,10,,,,,,1
734,Coil 2 nmr spectrum,PAS_C2_V81,double,10,,,,,,1
735,Coil 2 nmr spectrum,PAS_C2_V82,double,10,,,,,,1
736,Coil 2 nmr spectrum,PAS_C2_V83,double,10,,,,,,1
737,Coil 2 nmr spectrum,PAS_C2_V84,double,10,,,,,,1
738,Coil 2 nmr spectrum,PAS_C2_V85,double,10,,,,,,1
739,Coil 2 nmr spectrum,PAS_C2_V86,double,10,,,,,,1
740,Coil 2 nmr spectrum,PAS_C2_V87,double,10,,,,,,1
741,Coil 2 nmr spectrum,PAS_C2_V88,double,10,,,,,,1
742,Coil 2 nmr spectrum,PAS_C2_V89,double,10,,,,,,1
743,Coil 2 nmr spectrum,PAS_C2_V90,double,10,,,,,,1
744,Coil 2 nmr spectrum,PAS_C2_V91,double,10,,,,,,1
745,Coil 2 nmr spectrum,PAS_C2_V92,double,10,,,,,,1
746,Coil 2 nmr spectrum,PAS_C2_V93,double,10,,,,,,1
747,Coil 2 nmr spectrum,PAS_C2_V94,double,10,,,,,,1
748,Coil 2 nmr spectrum,PAS_C2_V95,double,10,,,,,,1
749,Coil 2 nmr spectrum,PAS_C2_V96,double,10,,,,,,1
750,Coil 2 nmr spectrum,PAS_C2_V97,double,10,,,,,,1
751,Coil 2 nmr spectrum,PAS_C2_V98,double,10,,,,,,1
752,Coil 2 nmr spectrum,PAS_C2_V99,double,10,,,,,,1
753,Coil 2 nmr spectrum,PAS_C2_V100,double,10,,,,,,1
754,Coil 2 nmr spectrum,PAS_C2_V101,double,10,,,,,,1
755,Coil 2 nmr spectrum,PAS_C2_V102,double,10,,,,,,1
756,Coil 2 nmr spectrum,PAS_C2_V103,double,10,,,,,,1
757,Coil 2 nmr spectrum,PAS_C2_V104,double,10,,,,,,1
758,Coil 2 nmr spectrum,PAS_C2_V105,double,10,,,,,,1
759,Coil 2 nmr spectrum,PAS_C2_V106,double,10,,,,,,1
760,Coil 2 nmr spectrum,PAS_C2_V107,double,10,,,,,,1
761,Coil 2 nmr spectrum,PAS_C2_V108,double,10,,,,,,1
762,Coil 2 nmr spectrum,PAS_C2_V109,double,10,,,,,,1
763,Coil 2 nmr spectrum,PAS_C2_V110,double,10,,,,,,1
764,Coil 2 nmr spectrum,PAS_C2_V111,double,10,,,,,,1
765,Coil 2 nmr spectrum,PAS_C2_V112,double,10,,,,,,1
766,Coil 2 nmr spectrum,PAS_C2_V113,double,10,,,,,,1
767,Coil 2 nmr spectrum,PAS_C2_V114,double,10,,,,,,1
768,Coil 2 nmr spectrum,PAS_C2_V115,double,10,,,,,,1
769,Coil 2 nmr spectrum,PAS_C2_V116,double,10,,,,,,1
770,Coil 2 nmr spectrum,PAS_C2_V117,double,10,,,,,,1
771,Coil 2 nmr spectrum,PAS_C2_V118,double,10,,,,,,1
772,Coil 2 nmr spectrum,PAS_C2_V119,double,10,,,,,,1
773,Coil 2 nmr spectrum,PAS_C2_V120,double,10,,,,,,1
774,Coil 2 nmr spectrum,PAS_C2_V121,double,10,,,,,,1
775,Coil 2 nmr spectrum,PAS_C2_V122,double,10,,,,,,1
776,Coil 2 nmr spectrum,PAS_C2_V123,double,10,,,,,,1
777,Coil 2 nmr spectrum,PAS_C2_V124,double,10,,,,,,1
778,Coil 2 nmr spectrum,PAS_C2_V125,double,10,,,,,,1
779,Coil 2 nmr spectrum,PAS_C2_V126,double,10,,,,,,1
780,Coil 2 nmr spectrum,PAS_C2_V127,double,10,,,,,,1
781,Coil 2 nmr spectrum,PAS_C2_V128,double,10,,,,,,1
782,Coil 2 nmr spectrum,PAS_C2_V129,double,10,,,,,,1
783,Coil 2 nmr spectrum,PAS_C2_V130,double,10,,,,,,1
784,Coil 2 nmr spectrum,PAS_C2_V131,double,10,,,,,,1
785,Coil 2 nmr spectrum,PAS_C2_V132,double,10,,,,,,1
786,Coil 2 nmr spectrum,PAS_C2_V133,double,10,,,,,,1
787,Coil 2 nmr spectrum,PAS_C2_V134,double,10,,,,,,1
788,Coil 2 nmr spectrum,PAS_C2_V135,double,10,,,,,,1
789,Coil 2 nmr spectrum,PAS_C2_V136,double,10,,,,,,1
790,Coil 2 nmr spectrum,PAS_C2_V137,double,10,,,,,,1
791,Coil 2 nmr spectrum,PAS_C2_V138,double,10,,,,,,1
792,Coil 2 nmr spectrum,PAS_C2_V139,double,10,,,,,,1
793,Coil 2 nmr spectrum,PAS_C2_V140,double,10,,,,,,1
794,Coil 2 nmr spectrum,PAS_C2_V141,double,10,,,,,,1
795,Coil 2 nmr spectrum,PAS_C2_V142,double,10,,,,,,1
796,Coil 2 nmr spectrum,PAS_C2_V143,double,10,,,,,,1
797,Coil 2 nmr spectrum,PAS_C2_V144,double,10,,,,,,1
798,Coil 2 nmr spectrum,PAS_C2_V145,double,10,,,,,,1
799,Coil 2 nmr spectrum,PAS_C2_V146,double,10,,,,,,1
800,Coil 2 nmr spectrum,PAS_C2_V147,double,10,,,,,,1
801,Coil 2 nmr spectrum,PAS_C2_V148,double,10,,,,,,1
802,Coil 2 nmr spectrum,PAS_C2_V149,double,10,,,,,,1
803,Coil 2 nmr spectrum,PAS_C2_V150,double,10,,,,,,1
804,Coil 2 nmr spectrum,PAS_C2_V151,double,10,,,,,,1
805,Coil 2 nmr spectrum,PAS_C2_V152,double,10,,,,,,1
806,Coil 2 nmr spectrum,PAS_C2_V153,double,10,,,,,,1
807,Coil 2 nmr spectrum,PAS_C2_V154,double,10,,,,,,1
808,Coil 2 nmr spectrum,PAS_C2_V155,double,10,,,,,,1
809,Coil 2 nmr spectrum,PAS_C2_V156,double,10,,,,,,1
810,Coil 2 nmr spectrum,PAS_C2_V157,double,10,,,,,,1
811,Coil 2 nmr spectrum,PAS_C2_V158,double,10,,,,,,1
812,Coil 2 nmr spectrum,PAS_C2_V159,double,10,,,,,,1
813,Coil 2 nmr spectrum,PAS_C2_V160,double,10,,,,,,1
814,Coil 2 nmr spectrum,PAS_C2_V161,double,10,,,,,,1
815,Coil 2 nmr spectrum,PAS_C2_V162,double,10,,,,,,1
816,Coil 2 nmr spectrum,PAS_C2_V163,double,10,,,,,,1
817,Coil 2 nmr spectrum,PAS_C2_V164,double,10,,,,,,1
818,Coil 2 nmr spectrum,PAS_C2_V165,double,10,,,,,,1
819,Coil 2 nmr spectrum,PAS_C2_V166,double,10,,,,,,1
820,Coil 2 nmr spectrum,PAS_C2_V167,double,10,,,,,,1
821,Coil 2 nmr spectrum,PAS_C2_V168,double,10,,,,,,1
822,Coil 2 nmr spectrum,PAS_C2_V169,double,10,,,,,,1
823,Coil 2 nmr spectrum,PAS_C2_V170,double,10,,,,,,1
824,Coil 2 nmr spectrum,PAS_C2_V171,double,10,,,,,,1
825,Coil 2 nmr spectrum,PAS_C2_V172,double,10,,,,,,1
826,Coil 2 nmr spectrum,PAS_C2_V173,double,10,,,,,,1
827,Coil 2 nmr spectrum,PAS_C2_V174,double,10,,,,,,1
828,Coil 2 nmr spectrum,PAS_C2_V175,double,10,,,,,,1
829,Coil 2 nmr spectrum,PAS_C2_V176,double,10,,,,,,1
830,Coil 2 nmr spectrum,PAS_C2_V177,double,10,,,,,,1
831,Coil 2 nmr spectrum,PAS_C2_V178,double,10,,,,,,1
832,Coil 2 nmr spectrum,PAS_C2_V179,double,10,,,,,,1
833,Coil 2 nmr spectrum,PAS_C2_V180,double,10,,,,,,1
834,Coil 2 nmr spectrum,PAS_C2_V181,double,10,,,,,,1
835,Coil 2 nmr spectrum,PAS_C2_V182,double,10,,,,,,1
836,Coil 2 nmr spectrum,PAS_C2_V183,double,10,,,,,,1
837,Coil 2 nmr spectrum,PAS_C2_V184,double,10,,,,,,1
838,Coil 2 nmr spectrum,PAS_C2_V185,double,10,,,,,,1
839,Coil 2 nmr spectrum,PAS_C2_V186,double,10,,,,,,1
840,Coil 2 nmr spectrum,PAS_C2_V187,double,10,,,,,,1
841,Coil 2 nmr spectrum,PAS_C2_V188,double,10,,,,,,1
842,Coil 2 nmr spectrum,PAS_C2_V189,double,10,,,,,,1
843,Coil 2 nmr spectrum,PAS_C2_V190,double,10,,,,,,1
844,Coil 2 nmr spectrum,PAS_C2_V191,double,10,,,,,,1
845,Coil 2 nmr spectrum,PAS_C2_V192,double,10,,,,,,1
846,Coil 2 nmr spectrum,PAS_C2_V193,double,10,,,,,,1
847,Coil 2 nmr spectrum,PAS_C2_V194,double,10,,,,,,1
848,Coil 2 nmr spectrum,PAS_C2_V195,double,10,,,,,,1
849,Coil 2 nmr spectrum,PAS_C2_V196,double,10,,,,,,1
850,Coil 2 nmr spectrum,PAS_C2_V197,double,10,,,,,,1
851,Coil 2 nmr spectrum,PAS_C2_V198,double,10,,,,,,1
852,Coil 2 nmr spectrum,PAS_C2_V199,double,10,,,,,,1
853,Coil 2 nmr spectrum,PAS_C2_V200,double,10,,,,,,1
854,Coil 2 nmr spectrum,PAS_C2_V201,double,10,,,,,,1
855,Coil 2 nmr spectrum,PAS_C2_V202,double,10,,,,,,1
856,Coil 2 nmr spectrum,PAS_C2_V203,double,10,,,,,,1
857,Coil 2 nmr spectrum,PAS_C2_V204,double,10,,,,,,1
858,Coil 2 nmr spectrum,PAS_C2_V205,double,10,,,,,,1
859,Coil 2 nmr spectrum,PAS_C2_V206,double,10,,,,,,1
860,Coil 2 nmr spectrum,PAS_C2_V207,double,10,,,,,,1
861,Coil 2 nmr spectrum,PAS_C2_V208,double,10,,,,,,1
862,Coil 2 nmr spectrum,PAS_C2_V209,double,10,,,,,,1
863,Coil 2 nmr spectrum,PAS_C2_V210,double,10,,,,,,1
864,Coil 2 nmr spectrum,PAS_C2_V211,double,10,,,,,,1
865,Coil 2 nmr spectrum,PAS_C2_V212,double,10,,,,,,1
866,Coil 2 nmr spectrum,PAS_C2_V213,double,10,,,,,,1
867,Coil 2 nmr spectrum,PAS_C2_V214,double,10,,,,,,1
868,Coil 2 nmr spectrum,PAS_C2_V215,double,10,,,,,,1
869,Coil 2 nmr spectrum,PAS_C2_V216,double,10,,,,,,1
870,Coil 2 nmr spectrum,PAS_C2_V217,double,10,,,,,,1
871,Coil 2 nmr spectrum,PAS_C2_V218,double,10,,,,,,1
872,Coil 2 nmr spectrum,PAS_C2_V219,double,10,,,,,,1
873,Coil 2 nmr spectrum,PAS_C2_V220,double,10,,,,,,1
874,Coil 2 nmr spectrum,PAS_C2_V221,double,10,,,,,,1
875,Coil 2 nmr spectrum,PAS_C2_V222,double,10,,,,,,1
876,Coil 2 nmr spectrum,PAS_C2_V223,double,10,,,,,,1
877,Coil 2 nmr spectrum,PAS_C2_V224,double,10,,,,,,1
878,Coil 2 nmr spectrum,PAS_C2_V225,double,10,,,,,,1
879,Coil 2 nmr spectrum,PAS_C2_V226,double,10,,,,,,1
880,Coil 2 nmr spectrum,PAS_C2_V227,double,10,,,,,,1
881,Coil 2 nmr spectrum,PAS_C2_V228,double,10,,,,,,1
882,Coil 2 nmr spectrum,PAS_C2_V229,double,10,,,,,,1
883,Coil 2 nmr spectrum,PAS_C2_V230,double,10,,,,,,1
884,Coil 2 nmr spectrum,PAS_C2_V231,double,10,,,,,,1
885,Coil 2 nmr spectrum,PAS_C2_V232,double,10,,,,,,1
886,Coil 2 nmr spectrum,PAS_C2_V233,double,10,,,,,,1
887,Coil 2 nmr spectrum,PAS_C2_V234,double,10,,,,,,1
888,Coil 2 nmr spectrum,PAS_C2_V235,double,10,,,,,,1
889,Coil 2 nmr spectrum,PAS_C2_V236,double,10,,,,,,1
890,Coil 2 nmr spectrum,PAS_C2_V237,double,10,,,,,,1
891,Coil 2 nmr spectrum,PAS_C2_V238,double,10,,,,,,1
892,Coil 2 nmr spectrum,PAS_C2_V239,double,10,,,,,,1
893,Coil 2 nmr spectrum,PAS_C2_V240,double,10,,,,,,1
894,Coil 2 nmr spectrum,PAS_C2_V241,double,10,,,,,,1
895,Coil 2 nmr spectrum,PAS_C2_V242,double,10,,,,,,1
896,Coil 2 nmr spectrum,PAS_C2_V243,double,10,,,,,,1
897,Coil 2 nmr spectrum,PAS_C2_V244,double,10,,,,,,1
898,Coil 2 nmr spectrum,PAS_C2_V245,double,10,,,,,,1
899,Coil 2 nmr spectrum,PAS_C2_V246,double,10,,,,,,1
900,Coil 2 nmr spectrum,PAS_C2_V247,double,10,,,,,,1
901,Coil 2 nmr spectrum,PAS_C2_V248,double,10,,,,,,1
902,Coil 2 nmr spectrum,PAS_C2_V249,double,10,,,,,,1
903,Coil 2 nmr spectrum,PAS_C2_V250,double,10,,,,,,1
904,Coil 2 nmr spectrum,PAS_C2_V251,double,10,,,,,,1
905,Coil 2 nmr spectrum,PAS_C2_V252,double,10,,,,,,1
906,Coil 2 nmr spectrum,PAS_C2_V253,double,10,,,,,,1
907,Coil 2 nmr spectrum,PAS_C2_V254,double,10,,,,,,1
908,Coil 2 nmr spectrum,PAS_C2_V255,double,10,,,,,,1
909,Coil 2 nmr spectrum,PAS_C2_V256,double,10,,,,,,1
910,Coil 2 nmr spectrum,PAS_C2_V257,double,10,,,,,,1
911,Coil 2 nmr spectrum,PAS_C2_V258,double,10,,,,,,1
912,Coil 2 nmr spectrum,PAS_C2_V259,double,10,,,,,,1
913,Coil 2 nmr spectrum,PAS_C2_V260,double,10,,,,,,1
914,Coil 2 nmr spectrum,PAS_C2_V261,double,10,,,,,,1
915,Coil 2 nmr spectrum,PAS_C2_V262,double,10,,,,,,1
916,Coil 2 nmr spectrum,PAS_C2_V263,double,10,,,,,,1
917,Coil 2 nmr spectrum,PAS_C2_V264,double,10,,,,,,1
918,Coil 2 nmr spectrum,PAS_C2_V265,double,10,,,,,,1
919,Coil 2 nmr spectrum,PAS_C2_V266,double,10,,,,,,1
920,Coil 2 nmr spectrum,PAS_C2_V267,double,10,,,,,,1
921,Coil 2 nmr spectrum,PAS_C2_V268,double,10,,,,,,1
922,Coil 2 nmr spectrum,PAS_C2_V269,double,10,,,,,,1
923,Coil 2 nmr spectrum,PAS_C2_V270,double,10,,,,,,1
924,Coil 2 nmr spectrum,PAS_C2_V271,double,10,,,,,,1
925,Coil 2 nmr spectrum,PAS_C2_V272,double,10,,,,,,1
926,Coil 2 nmr spectrum,PAS_C2_V273,double,10,,,,,,1
927,Coil 2 nmr spectrum,PAS_C2_V274,double,10,,,,,,1
928,Coil 2 nmr spectrum,PAS_C2_V275,double,10,,,,,,1
929,Coil 2 nmr spectrum,PAS_C2_V276,double,10,,,,,,1
930,Coil 2 nmr spectrum,PAS_C2_V277,double,10,,,,,,1
931,Coil 2 nmr spectrum,PAS_C2_V278,double,10,,,,,,1
932,Coil 2 nmr spectrum,PAS_C2_V279,double,10,,,,,,1
933,Coil 2 nmr spectrum,PAS_C2_V280,double,10,,,,,,1
934,Coil 2 nmr spectrum,PAS_C2_V281,double,10,,,,,,1
935,Coil 2 nmr spectrum,PAS_C2_V282,double,10,,,,,,1
936,Coil 2 nmr spectrum,PAS_C2_V283,double,10,,,,,,1
937,Coil 2 nmr spectrum,PAS_C2_V284,double,10,,,,,,1
938,Coil 2 nmr spectrum,PAS_C2_V285,double,10,,,,,,1
939,Coil 2 nmr spectrum,PAS_C2_V286,double,10,,,,,,1
940,Coil 2 nmr spectrum,PAS_C2_V287,double,10,,,,,,1
941,Coil 2 nmr spectrum,PAS_C2_V288,double,10,,,,,,1
942,Coil 2 nmr spectrum,PAS_C2_V289,double,10,,,,,,1
943,Coil 2 nmr spectrum,PAS_C2_V290,double,10,,,,,,1
944,Coil 2 nmr spectrum,PAS_C2_V291,double,10,,,,,,1
945,Coil 2 nmr spectrum,PAS_C2_V292,double,10,,,,,,1
946,Coil 2 nmr spectrum,PAS_C2_V293,double,10,,,,,,1
947,Coil 2 nmr spectrum,PAS_C2_V294,double,10,,,,,,1
948,Coil 2 nmr spectrum,PAS_C2_V295,double,10,,,,,,1
949,Coil 2 nmr spectrum,PAS_C2_V296,double,10,,,,,,1
950,Coil 2 nmr spectrum,PAS_C2_V297,double,10,,,,,,1
951,Coil 2 nmr spectrum,PAS_C2_V298,double,10,,,,,,1
952,Coil 2 nmr spectrum,PAS_C2_V299,double,10,,,,,,1
953,Coil 2 nmr spectrum,PAS_C2_V300,double,10,,,,,,1
954,Coil 2 nmr spectrum,PAS_C2_V301,double,10,,,,,,1
955,Coil 2 nmr spectrum,PAS_C2_V302,double,10,,,,,,1
956,Coil 2 nmr spectrum,PAS_C2_V303,double,10,,,,,,1
957,Coil 2 nmr spectrum,PAS_C2_V304,double,10,,,,,,1
958,Coil 2 nmr spectrum,PAS_C2_V305,double,10,,,,,,1
959,Coil 2 nmr spectrum,PAS_C2_V306,double,10,,,,,,1
960,Coil 2 nmr spectrum,PAS_C2_V307,double,10,,,,,,1
961,Coil 2 nmr spectrum,PAS_C2_V308,double,10,,,,,,1
962,Coil 2 nmr spectrum,PAS_C2_V309,double,10,,,,,,1
963,Coil 2 nmr spectrum,PAS_C2_V310,double,10,,,,,,1
964,Coil 2 nmr spectrum,PAS_C2_V311,double,10,,,,,,1
965,Coil 2 nmr spectrum,PAS_C2_V312,double,10,,,,,,1
966,Coil 2 nmr spectrum,PAS_C2_V313,double,10,,,,,,1
967,Coil 2 nmr spectrum,PAS_C2_V314,double,10,,,,,,1
968,Coil 2 nmr spectrum,PAS_C2_V315,double,10,,,,,,1
969,Coil 2 nmr spectrum,PAS_C2_V316,double,10,,,,,,1
970,Coil 2 nmr spectrum,PAS_C2_V317,double,10,,,,,,1
971,Coil 2 nmr spectrum,PAS_C2_V318,double,10,,,,,,1
972,Coil 2 nmr spectrum,PAS_C2_V319,double,10,,,,,,1
973,Coil 2 nmr spectrum,PAS_C2_V320,double,10,,,,,,1
974,Coil 2 nmr spectrum,PAS_C2_V321,double,10,,,,,,1
975,Coil 2 nmr spectrum,PAS_C2_V322,double,10,,,,,,1
976,Coil 2 nmr spectrum,PAS_C2_V323,double,10,,,,,,1
977,Coil 2 nmr spectrum,PAS_C2_V324,double,10,,,,,,1
978,Coil 2 nmr spectrum,PAS_C2_V325,double,10,,,,,,1
979,Coil 2 nmr spectrum,PAS_C2_V326,double,10,,,,,,1
980,Coil 2 nmr spectrum,PAS_C2_V327,double,10,,,,,,1
981,Coil 2 nmr spectrum,PAS_C2_V328,double,10,,,,,,1
982,Coil 2 nmr spectrum,PAS_C2_V329,double,10,,,,,,1
983,Coil 2 nmr spectrum,PAS_C2_V330,double,10,,,,,,1
984,Coil 2 nmr spectrum,PAS_C2_V331,double,10,,,,,,1
985,Coil 2 nmr spectrum,PAS_C2_V332,double,10,,,,,,1
986,Coil 2 nmr spectrum,PAS_C2_V333,double,10,,,,,,1
987,Coil 2 nmr spectrum,PAS_C2_V334,double,10,,,,,,1
988,Coil 2 nmr spectrum,PAS_C2_V335,double,10,,,,,,1
989,Coil 2 nmr spectrum,PAS_C2_V336,double,10,,,,,,1
990,Coil 2 nmr spectrum,PAS_C2_V337,double,10,,,,,,1
991,Coil 2 nmr spectrum,PAS_C2_V338,double,10,,,,,,1
992,Coil 2 nmr spectrum,PAS_C2_V339,double,10,,,,,,1
993,Coil 2 nmr spectrum,PAS_C2_V340,double,10,,,,,,1
994,Coil 2 nmr spectrum,PAS_C2_V341,double,10,,,,,,1
995,Coil 2 nmr spectrum,PAS_C2_V342,double,10,,,,,,1
996,Coil 2 nmr spectrum,PAS_C2_V343,double,10,,,,,,1
997,Coil 2 nmr spectrum,PAS_C2_V344,double,10,,,,,,1
998,Coil 2 nmr spectrum,PAS_C2_V345,double,10,,,,,,1
999,Coil 2 nmr spectrum,PAS_C2_V346,double,10,,,,,,1
1000,Coil 2 nmr spectrum,PAS_C2_V347,double,10,,,,,,1
1001,Coil 2 nmr spectrum,PAS_C2_V348,double,10,,,,,,1
1002,Coil 2 nmr spectrum,PAS_C2_V349,double,10,,,,,,1
1003,Coil 2 nmr spectrum,PAS_C2_V350,double,10,,,,,,1
1004,Coil 2 nmr spectrum,PAS_C2_V351,double,10,,,,,,1
1005,Coil 2 nmr spectrum,PAS_C2_V352,double,10,,,,,,1
1006,Coil 2 nmr spectrum,PAS_C2_V353,double,10,,,,,,1
1007,Coil 2 nmr spectrum,PAS_C2_V354,double,10,,,,,,1
1008,Coil 2 nmr spectrum,PAS_C2_V355,double,10,,,,,,1
1009,Coil 2 nmr spectrum,PAS_C2_V356,double,10,,,,,,1
1010,Coil 2 nmr spectrum,PAS_C2_V357,double,10,,,,,,1
1011,Coil 2 nmr spectrum,PAS_C2_V358,double,10,,,,,,1
1012,Coil 2 nmr spectrum,PAS_C2_V359,double,10,,,,,,1
1013,Coil 2 nmr spectrum,PAS_C2_V360,double,10,,,,,,1
1014,Coil 2 nmr spectrum,PAS_C2_V361,double,10,,,,,,1
1015,Coil 2 nmr spectrum,PAS_C2_V362,double,10,,,,,,1
1016,Coil 2 nmr spectrum,PAS_C2_V363,double,10,,,,,,1
1017,Coil 2 nmr spectrum,PAS_C2_V364,double,10,,,,,,1
1018,Coil 2 nmr spectrum,PAS_C2_V365,double,10,,,,,,1
1019,Coil 2 nmr spectrum,PAS_C2_V366,double,10,,,,,,1
1020,Coil 2 nmr spectrum,PAS_C2_V367,double,10,,,,,,1
1021,Coil 2 nmr spectrum,PAS_C2_V368,double,10,,,,,,1
1022,Coil 2 nmr spectrum,PAS_C2_V369,double,10,,,,,,1
1023,Coil 2 nmr spectrum,PAS_C2_V370,double,10,,,,,,1
1024,Coil 2 nmr spectrum,PAS_C2_V371,double,10,,,,,,1
1025,Coil 2 nmr spectrum,PAS_C2_V372,double,10,,,,,,1
1026,Coil 2 nmr spectrum,PAS_C2_V373,double,10,,,,,,1
1027,Coil 2 nmr spectrum,PAS_C2_V374,double,10,,,,,,1
1028,Coil 2 nmr spectrum,PAS_C2_V375,double,10,,,,,,1
1029,Coil 2 nmr spectrum,PAS_C2_V376,double,10,,,,,,1
1030,Coil 2 nmr spectrum,PAS_C2_V377,double,10,,,,,,1
1031,Coil 2 nmr spectrum,PAS_C2_V378,double,10,,,,,,1
1032,Coil 2 nmr spectrum,PAS_C2_V379,double,10,,,,,,1
1033,Coil 2 nmr spectrum,PAS_C2_V380,double,10,,,,,,1
1034,Coil 2 nmr spectrum,PAS_C2_V381,double,10,,,,,,1
1035,Coil 2 nmr spectrum,PAS_C2_V382,double,10,,,,,,1
1036,Coil 2 nmr spectrum,PAS_C2_V383,double,10,,,,,,1
1037,Coil 2 nmr spectrum,PAS_C2_V384,double,10,,,,,,1
1038,Coil 2 nmr spectrum,PAS_C2_V385,double,10,,,,,,1
1039,Coil 2 nmr spectrum,PAS_C2_V386,double,10,,,,,,1
1040,Coil 2 nmr spectrum,PAS_C2_V387,double,10,,,,,,1
1041,Coil 2 nmr spectrum,PAS_C2_V388,double,10,,,,,,1
1042,Coil 2 nmr spectrum,PAS_C2_V389,double,10,,,,,,1
1043,Coil 2 nmr spectrum,PAS_C2_V390,double,10,,,,,,1
1044,Coil 2 nmr spectrum,PAS_C2_V391,double,10,,,,,,1
1045,Coil 2 nmr spectrum,PAS_C2_V392,double,10,,,,,,1
1046,Coil 2 nmr spectrum,PAS_C2_V393,double,10,,,,,,1
1047,Coil 2 nmr spectrum,PAS_C2_V394,double,10,,,,,,1
1048,Coil 2 nmr spectrum,PAS_C2_V395,double,10,,,,,,1
1049,Coil 2 nmr spectrum,PAS_C2_V396,double,10,,,,,,1
1050,Coil 2 nmr spectrum,PAS_C2_V397,double,10,,,,,,1
1051,Coil 2 nmr spectrum,PAS_C2_V398,double,10,,,,,,1
1052,Coil 2 nmr spectrum,PAS_C2_V399,double,10,,,,,,1
1053,Coil 2 nmr spectrum,PAS_C2_V400,double,10,,,,,,1
1054,Coil 2 nmr spectrum,PAS_C2_V401,double,10,,,,,,1
1055,Coil 2 nmr spectrum,PAS_C2_V402,double,10,,,,,,1
1056,Coil 2 nmr spectrum,PAS_C2_V403,double,10,,,,,,1
1057,Coil 2 nmr spectrum,PAS_C2_V404,double,10,,,,,,1
1058,Coil 2 nmr spectrum,PAS_C2_V405,double,10,,,,,,1
1059,Coil 2 nmr spectrum,PAS_C2_V406,double,10,,,,,,1
1060,Coil 2 nmr spectrum,PAS_C2_V407,double,10,,,,,,1
1061,Coil 2 nmr spectrum,PAS_C2_V408,double,10,,,,,,1
1062,Coil 2 nmr spectrum,PAS_C2_V409,double,10,,,,,,1
1063,Coil 2 nmr spectrum,PAS_C2_V410,double,10,,,,,,1
1064,Coil 2 nmr spectrum,PAS_C2_V411,double,10,,,,,,1
1065,Coil 2 nmr spectrum,PAS_C2_V412,double,10,,,,,,1
1066,Coil 2 nmr spectrum,PAS_C2_V413,double,10,,,,,,1
1067,Coil 2 nmr spectrum,PAS_C2_V414,double,10,,,,,,1
1068,Coil 2 nmr spectrum,PAS_C2_V415,double,10,,,,,,1
1069,Coil 2 nmr spectrum,PAS_C2_V416,double,10,,,,,,1
1070,Coil 2 nmr spectrum,PAS_C2_V417,double,10,,,,,,1
1071,Coil 2 nmr spectrum,PAS_C2_V418,double,10,,,,,,1
1072,Coil 2 nmr spectrum,PAS_C2_V419,double,10,,,,,,1
1073,Coil 2 nmr spectrum,PAS_C2_V420,double,10,,,,,,1
1074,Coil 2 nmr spectrum,PAS_C2_V421,double,10,,,,,,1
1075,Coil 2 nmr spectrum,PAS_C2_V422,double,10,,,,,,1
1076,Coil 2 nmr spectrum,PAS_C2_V423,double,10,,,,,,1
1077,Coil 2 nmr spectrum,PAS_C2_V424,double,10,,,,,,1
1078,Coil 2 nmr spectrum,PAS_C2_V425,double,10,,,,,,1
1079,Coil 2 nmr spectrum,PAS_C2_V426,double,10,,,,,,1
1080,Coil 2 nmr spectrum,PAS_C2_V427,double,10,,,,,,1
1081,Coil 2 nmr spectrum,PAS_C2_V428,double,10,,,,,,1
1082,Coil 2 nmr spectrum,PAS_C2_V429,double,10,,,,,,1
1083,Coil 2 nmr spectrum,PAS_C2_V430,double,10,,,,,,1
1084,Coil 2 nmr spectrum,PAS_C2_V431,double,10,,,,,,1
1085,Coil 2 nmr spectrum,PAS_C2_V432,double,10,,,,,,1
1086,Coil 2 nmr spectrum,PAS_C2_V433,double,10,,,,,,1
1087,Coil 2 nmr spectrum,PAS_C2_V434,double,10,,,,,,1
1088,Coil 2 nmr spectrum,PAS_C2_V435,double,10,,,,,,1
1089,Coil 2 nmr spectrum,PAS_C2_V436,double,10,,,,,,1
1090,Coil 2 nmr spectrum,PAS_C2_V437,double,10,,,,,,1
1091,Coil 2 nmr spectrum,PAS_C2_V438,double,10,,,,,,1
1092,Coil 2 nmr spectrum,PAS_C2_V439,double,10,,,,,,1
1093,Coil 2 nmr spectrum,PAS_C2_V440,double,10,,,,,,1
1094,Coil 2 nmr spectrum,PAS_C2_V441,double,10,,,,,,1
1095,Coil 2 nmr spectrum,PAS_C2_V442,double,10,,,,,,1
1096,Coil 2 nmr spectrum,PAS_C2_V443,double,10,,,,,,1
1097,Coil 2 nmr spectrum,PAS_C2_V444,double,10,,,,,,1
1098,Coil 2 nmr spectrum,PAS_C2_V445,double,10,,,,,,1
1099,Coil 2 nmr spectrum,PAS_C2_V446,double,10,,,,,,1
1100,Coil 2 nmr spectrum,PAS_C2_V447,double,10,,,,,,1
1101,Coil 2 nmr spectrum,PAS_C2_V448,double,10,,,,,,1
1102,Coil 2 nmr spectrum,PAS_C2_V449,double,10,,,,,,1
1103,Coil 2 nmr spectrum,PAS_C2_V450,double,10,,,,,,1
1104,Coil 2 nmr spectrum,PAS_C2_V451,double,10,,,,,,1
1105,Coil 2 nmr spectrum,PAS_C2_V452,double,10,,,,,,1
1106,Coil 2 nmr spectrum,PAS_C2_V453,double,10,,,,,,1
1107,Coil 2 nmr spectrum,PAS_C2_V454,double,10,,,,,,1
1108,Coil 2 nmr spectrum,PAS_C2_V455,double,10,,,,,,1
1109,Coil 2 nmr spectrum,PAS_C2_V456,double,10,,,,,,1
1110,Coil 2 nmr spectrum,PAS_C2_V457,double,10,,,,,,1
1111,Coil 2 nmr spectrum,PAS_C2_V458,double,10,,,,,,1
1112,Coil 2 nmr spectrum,PAS_C2_V459,double,10,,,,,,1
1113,Coil 2 nmr spectrum,PAS_C2_V460,double,10,,,,,,1
1114,Coil 2 nmr spectrum,PAS_C2_V461,double,10,,,,,,1
1115,Coil 2 nmr spectrum,PAS_C2_V462,double,10,,,,,,1
1116,Coil 2 nmr spectrum,PAS_C2_V463,double,10,,,,,,1
1117,Coil 2 nmr spectrum,PAS_C2_V464,double,10,,,,,,1
1118,Coil 2 nmr spectrum,PAS_C2_V465,double,10,,,,,,1
1119,Coil 2 nmr spectrum,PAS_C2_V466,double,10,,,,,,1
1120,Coil 2 nmr spectrum,PAS_C2_V467,double,10,,,,,,1
1121,Coil 2 nmr spectrum,PAS_C2_V468,double,10,,,,,,1
1122,Coil 2 nmr spectrum,PAS_C2_V469,double,10,,,,,,1
1123,Coil 2 nmr spectrum,PAS_C2_V470,double,10,,,,,,1
1124,Coil 2 nmr spectrum,PAS_C2_V471,double,10,,,,,,1
1125,Coil 2 nmr spectrum,PAS_C2_V472,double,10,,,,,,1
1126,Coil 2 nmr spectrum,PAS_C2_V473,double,10,,,,,,1
1127,Coil 2 nmr spectrum,PAS_C2_V474,double,10,,,,,,1
1128,Coil 2 nmr spectrum,PAS_C2_V475,double,10,,,,,,1
1129,Coil 2 nmr spectrum,PAS_C2_V476,double,10,,,,,,1
1130,Coil 2 nmr spectrum,PAS_C2_V477,double,10,,,,,,1
1131,Coil 2 nmr spectrum,PAS_C2_V478,double,10,,,,,,1
1132,Coil 2 nmr spectrum,PAS_C2_V479,double,10,,,,,,1
1133,Coil 2 nmr spectrum,PAS_C2_V480,double,10,,,,,,1
1134,Coil 2 nmr spectrum,PAS_C2_V481,double,10,,,,,,1
1135,Coil 2 nmr spectrum,PAS_C2_V482,double,10,,,,,,1
1136,Coil 2 nmr spectrum,PAS_C2_V483,double,10,,,,,,1
1137,Coil 2 nmr spectrum,PAS_C2_V484,double,10,,,,,,1
1138,Coil 2 nmr spectrum,PAS_C2_V485,double,10,,,,,,1
1139,Coil 2 nmr spectrum,PAS_C2_V486,double,10,,,,,,1
1140,Coil 2 nmr spectrum,PAS_C2_V487,double,10,,,,,,1
1141,Coil 2 nmr spectrum,PAS_C2_V488,double,10,,,,,,1
1142,Coil 2 nmr spectrum,PAS_C2_V489,double,10,,,,,,1
1143,Coil 2 nmr spectrum,PAS_C2_V490,double,10,,,,,,1
1144,Coil 2 nmr spectrum,PAS_C2_V491,double,10,,,,,,1
1145,Coil 2 nmr spectrum,PAS_C2_V492,double,10,,,,,,1
1146,Coil 2 nmr spectrum,PAS_C2_V493,double,10,,,,,,1
1147,Coil 2 nmr spectrum,PAS_C2_V494,double,10,,,,,,1
1148,Coil 2 nmr spectrum,PAS_C2_V495,double,10,,,,,,1
1149,Coil 2 nmr spectrum,PAS_C2_V496,double,10,,,,,,1
1150,Coil 2 nmr spectrum,PAS_C2_V497,double,10,,,,,,1
1151,Coil 2 nmr spectrum,PAS_C2_V498,double,10,,,,,,1
1152,Coil 2 nmr spectrum,PAS_C2_V499,double,10,,,,,,1
1153,Coil 2 nmr spectrum,PAS_C2_V500,double,10,,,,,,1
1154,Coil 3 ladder location,PAS_C3_LADL,string,10,,,,,,1
1155,Coil 3 board number,PAS_C3_BRDN,integer,10,,,,,,1
1156,Coil 3 baseline file,PAS_C3_BAFN,string,10,,,,,,1
1157,Coil 3 TE file,PAS_C3_TEFN,string,10,,,,,,1
1158,Coil 3 calibration constant,PAS_C3_CALC,double,10,,,,,,1
1159,Coil 3 R&S on/off,PAS_C3_RSON,integer,10,,,,,,1
1160,Coil 3 RF center frequency,PAS_C3_RFF0,double,10,,,,,,1
1161,Coil 3 RF frequency step size,PAS_C3_RFFS,double,10,,,,,,1
1162,Coil 3 RF number of frequency steps,PAS_C3_RFFN,integer,10,,,,,,1
1163,Coil 3 RF power,PAS_C3_RFPW,double,10,,,,,,1
1164,Coil 3 RF switch on/off,PAS_C3_RFON,integer,10,,,,,,1
1165,Coil 3 RF attenuation,PAS_C3_RFAT,double,10,,,,,,1
1166,Coil 3 gain setting,PAS_C3_GAIN,integer,10,,,,,,1
1167,Coil 3 number of sweeps per event,PAS_C3_NSPE,integer,10,,,,,,1
1168,Coil 3 LCR tune voltage,PAS_C3_LCRV,double,10,,,,,,1
1169,Coil 3 phase tune voltage,PAS_C3_PHAV,double,10,,,,,,1
1170,Coil 3 offset voltage,PAS_C3_OFFV,double,10,,,,,,1
1171,Coil 3 on board PS voltage,PAS_C3_BPSV,double,10,,,,,,1
1172,Coil 3 peak position,PAS_C3_PEF0,double,10,,,,,,1
1173,Coil 3 peak amplitude,PAS_C3_PEAM,double,10,,,,,,1
1174,Coil 3 signal area,PAS_C3_AREA,double,10,,,,,,1
1175,Coil 3 polarization,PAS_C3_POLN,double,10,,,,,,1
1176,Coil 3 nmr spectrum,PAS_C3_V1,double,10,,,,,,1
1177,Coil 3 nmr spectrum,PAS_C3_V2,double,10,,,,,,1
1178,Coil 3 nmr spectrum,PAS_C3_V3,double,10,,,,,,1
1179,Coil 3 nmr spectrum,PAS_C3_V4,double,10,,,,,,1
1180,Coil 3 nmr spectrum,PAS_C3_V5,double,10,,,,,,1
1181,Coil 3 nmr spectrum,PAS_C3_V6,double,10,,,,,,1
1182,Coil 3 nmr spectrum,PAS_C3_V7,double,10,,,,,,1
1183,Coil 3 nmr spectrum,PAS_C3_V8,double,10,,,,,,1
1184,Coil 3 nmr spectrum,PAS_C3_V9,double,10,,,,,,1
1185,Coil 3 nmr spectrum,PAS_C3_V10,double,10,,,,,,1
1186,Coil 3 nmr spectrum,PAS_C3_V11,double,10,,,,,,1
1187,Coil 3 nmr spectrum,PAS_C3_V12,double,10,,,,,,1
1188,Coil 3 nmr spectrum,PAS_C3_V13,double,10,,,,,,1
1189,Coil 3 nmr spectrum,PAS_C3_V14,double,10,,,,,,1
1190,Coil 3 nmr spectrum,PAS_C3_V15,double,10,,,,,,1
1191,Coil 3 nmr spectrum,PAS_C3_V16,double,10,,,,,,1
1192,Coil 3 nmr spectrum,PAS_C3_V17,double,10,,,,,,1
1193,Coil 3 nmr spectrum,PAS_C3_V18,double,10,,,,,,1
1194,Coil 3 nmr spectrum,PAS_C3_V19,double,10,,,,,,1
1195,Coil 3 nmr spectrum,PAS_C3_V20,double,10,,,,,,1
1196,Coil 3 nmr spectrum,PAS_C3_V21,double,10,,,,,,1
1197,Coil 3 nmr spectrum,PAS_C3_V22,double,10,,,,,,1
1198,Coil 3 nmr spectrum,PAS_C3_V23,double,10,,,,,,1
1199,Coil 3 nmr spectrum,PAS_C3_V24,double,10,,,,,,1
1200,Coil 3 nmr spectrum,PAS_C3_V25,double,10,,,,,,1
1201,Coil 3 nmr spectrum,PAS_C3_V26,double,10,,,,,,1
1202,Coil 3 nmr spectrum,PAS_C3_V27,double,10,,,,,,1
1203,Coil 3 nmr spectrum,PAS_C3_V28,double,10,,,,,,1
1204,Coil 3 nmr spectrum,PAS_C3_V29,double,10,,,,,,1
1205,Coil 3 nmr spectrum,PAS_C3_V30,double,10,,,,,,1
1206,Coil 3 nmr spectrum,PAS_C3_V31,double,10,,,,,,1
1207,Coil 3 nmr spectrum,PAS_C3_V32,double,10,,,,,,1
1208,Coil 3 nmr spectrum,PAS_C3_V33,double,10,,,,,,1
1209,Coil 3 nmr spectrum,PAS_C3_V34,double,10,,,,,,1
1210,Coil 3 nmr spectrum,PAS_C3_V35,double,10,,,,,,1
1211,Coil 3 nmr spectrum,PAS_C3_V36,double,10,,,,,,1
1212,Coil 3 nmr spectrum,PAS_C3_V37,double,10,,,,,,1
1213,Coil 3 nmr spectrum,PAS_C3_V38,double,10,,,,,,1
1214,Coil 3 nmr spectrum,PAS_C3_V39,double,10,,,,,,1
1215,Coil 3 nmr spectrum,PAS_C3_V40,double,10,,,,,,1
1216,Coil 3 nmr spectrum,PAS_C3_V41,double,10,,,,,,1
1217,Coil 3 nmr spectrum,PAS_C3_V42,double,10,,,,,,1
1218,Coil 3 nmr spectrum,PAS_C3_V43,double,10,,,,,,1
1219,Coil 3 nmr spectrum,PAS_C3_V44,double,10,,,,,,1
1220,Coil 3 nmr spectrum,PAS_C3_V45,double,10,,,,,,1
1221,Coil 3 nmr spectrum,PAS_C3_V46,double,10,,,,,,1
1222,Coil 3 nmr spectrum,PAS_C3_V47,double,10,,,,,,1
1223,Coil 3 nmr spectrum,PAS_C3_V48,double,10,,,,,,1
1224,Coil 3 nmr spectrum,PAS_C3_V49,double,10,,,,,,1
1225,Coil 3 nmr spectrum,PAS_C3_V50,double,10,,,,,,1
1226,Coil 3 nmr spectrum,PAS_C3_V51,double,10,,,,,,1
1227,Coil 3 nmr spectrum,PAS_C3_V52,double,10,,,,,,1
1228,Coil 3 nmr spectrum,PAS_C3_V53,double,10,,,,,,1
1229,Coil 3 nmr spectrum,PAS_C3_V54,double,10,,,,,,1
1230,Coil 3 nmr spectrum,PAS_C3_V55,double,10,,,,,,1
1231,Coil 3 nmr spectrum,PAS_C3_V56,double,10,,,,,,1
1232,Coil 3 nmr spectrum,PAS_C3_V57,double,10,,,,,,1
1233,Coil 3 nmr spectrum,PAS_C3_V58,double,10,,,,,,1
1234,Coil 3 nmr spectrum,PAS_C3_V59,double,10,,,,,,1
1235,Coil 3 nmr spectrum,PAS_C3_V60,double,10,,,,,,1
1236,Coil 3 nmr spectrum,PAS_C3_V61,double,10,,,,,,1
1237,Coil 3 nmr spectrum,PAS_C3_V62,double,10,,,,,,1
1238,Coil 3 nmr spectrum,PAS_C3_V63,double,10,,,,,,1
1239,Coil 3 nmr spectrum,PAS_C3_V64,double,10,,,,,,1
1240,Coil 3 nmr spectrum,PAS_C3_V65,double,10,,,,,,1
1241,Coil 3 nmr spectrum,PAS_C3_V66,double,10,,,,,,1
1242,Coil 3 nmr spectrum,PAS_C3_V67,double,10,,,,,,1
1243,Coil 3 nmr spectrum,PAS_C3_V68,double,10,,,,,,1
1244,Coil 3 nmr spectrum,PAS_C3_V69,double,10,,,,,,1
1245,Coil 3 nmr spectrum,PAS_C3_V70,double,10,,,,,,1
1246,Coil 3 nmr spectrum,PAS_C3_V71,double,10,,,,,,1
1247,Coil 3 nmr spectrum,PAS_C3_V72,double,10,,,,,,1
1248,Coil 3 nmr spectrum,PAS_C3_V73,double,10,,,,,,1
1249,Coil 3 nmr spectrum,PAS_C3_V74,double,10,,,,,,1
1250,Coil 3 nmr spectrum,PAS_C3_V75,double,10,,,,,,1
1251,Coil 3 nmr spectrum,PAS_C3_V76,double,10,,,,,,1
1252,Coil 3 nmr spectrum,PAS_C3_V77,double,10,,,,,,1
1253,Coil 3 nmr spectrum,PAS_C3_V78,double,10,,,,,,1
1254,Coil 3 nmr spectrum,PAS_C3_V79,double,10,,,,,,1
1255,Coil 3 nmr spectrum,PAS_C3_V80,double,10,,,,,,1
1256,Coil 3 nmr spectrum,PAS_C3_V81,double,10,,,,,,1
1257,Coil 3 nmr spectrum,PAS_C3_V82,double,10,,,,,,1
1258,Coil 3 nmr spectrum,PAS_C3_V83,double,10,,,,,,1
1259,Coil 3 nmr spectrum,PAS_C3_V84,double,10,,,,,,1
1260,Coil 3 nmr spectrum,PAS_C3_V85,double,10,,,,,,1
1261,Coil 3 nmr spectrum,PAS_C3_V86,double,10,,,,,,1
1262,Coil 3 nmr spectrum,PAS_C3_V87,double,10,,,,,,1
1263,Coil 3 nmr spectrum,PAS_C3_V88,double,10,,,,,,1
1264,Coil 3 nmr spectrum,PAS_C3_V89,double,10,,,,,,1
1265,Coil 3 nmr spectrum,PAS_C3_V90,double,10,,,,,,1
1266,Coil 3 nmr spectrum,PAS_C3_V91,double,10,,,,,,1
1267,Coil 3 nmr spectrum,PAS_C3_V92,double,10,,,,,,1
1268,Coil 3 nmr spectrum,PAS_C3_V93,double,10,,,,,,1
1269,Coil 3 nmr spectrum,PAS_C3_V94,double,10,,,,,,1
1270,Coil 3 nmr spectrum,PAS_C3_V95,double,10,,,,,,1
1271,Coil 3 nmr spectrum,PAS_C3_V96,double,10,,,,,,1
1272,Coil 3 nmr spectrum,PAS_C3_V97,double,10,,,,,,1
1273,Coil 3 nmr spectrum,PAS_C3_V98,double,10,,,,,,1
1274,Coil 3 nmr spectrum,PAS_C3_V99,double,10,,,,,,1
1275,Coil 3 nmr spectrum,PAS_C3_V100,double,10,,,,,,1
1276,Coil 3 nmr spectrum,PAS_C3_V101,double,10,,,,,,1
1277,Coil 3 nmr spectrum,PAS_C3_V102,double,10,,,,,,1
1278,Coil 3 nmr spectrum,PAS_C3_V103,double,10,,,,,,1
1279,Coil 3 nmr spectrum,PAS_C3_V104,double,10,,,,,,1
1280,Coil 3 nmr spectrum,PAS_C3_V105,double,10,,,,,,1
1281,Coil 3 nmr spectrum,PAS_C3_V106,double,10,,,,,,1
1282,Coil 3 nmr spectrum,PAS_C3_V107,double,10,,,,,,1
1283,Coil 3 nmr spectrum,PAS_C3_V108,double,10,,,,,,1
1284,Coil 3 nmr spectrum,PAS_C3_V109,double,10,,,,,,1
1285,Coil 3 nmr spectrum,PAS_C3_V110,double,10,,,,,,1
1286,Coil 3 nmr spectrum,PAS_C3_V111,double,10,,,,,,1
1287,Coil 3 nmr spectrum,PAS_C3_V112,double,10,,,,,,1
1288,Coil 3 nmr spectrum,PAS_C3_V113,double,10,,,,,,1
1289,Coil 3 nmr spectrum,PAS_C3_V114,double,10,,,,,,1
1290,Coil 3 nmr spectrum,PAS_C3_V115,double,10,,,,,,1
1291,Coil 3 nmr spectrum,PAS_C3_V116,double,10,,,,,,1
1292,Coil 3 nmr spectrum,PAS_C3_V117,double,10,,,,,,1
1293,Coil 3 nmr spectrum,PAS_C3_V118,double,10,,,,,,1
1294,Coil 3 nmr spectrum,PAS_C3_V119,double,10,,,,,,1
1295,Coil 3 nmr spectrum,PAS_C3_V120,double,10,,,,,,1
1296,Coil 3 nmr spectrum,PAS_C3_V121,double,10,,,,,,1
1297,Coil 3 nmr spectrum,PAS_C3_V122,double,10,,,,,,1
1298,Coil 3 nmr spectrum,PAS_C3_V123,double,10,,,,,,1
1299,Coil 3 nmr spectrum,PAS_C3_V124,double,10,,,,,,1
1300,Coil 3 nmr spectrum,PAS_C3_V125,double,10,,,,,,1
1301,Coil 3 nmr spectrum,PAS_C3_V126,double,10,,,,,,1
1302,Coil 3 nmr spectrum,PAS_C3_V127,double,10,,,,,,1
1303,Coil 3 nmr spectrum,PAS_C3_V128,double,10,,,,,,1
1304,Coil 3 nmr spectrum,PAS_C3_V129,double,10,,,,,,1
1305,Coil 3 nmr spectrum,PAS_C3_V130,double,10,,,,,,1
1306,Coil 3 nmr spectrum,PAS_C3_V131,double,10,,,,,,1
1307,Coil 3 nmr spectrum,PAS_C3_V132,double,10,,,,,,1
1308,Coil 3 nmr spectrum,PAS_C3_V133,double,10,,,,,,1
1309,Coil 3 nmr spectrum,PAS_C3_V134,double,10,,,,,,1
1310,Coil 3 nmr spectrum,PAS_C3_V135,double,10,,,,,,1
1311,Coil 3 nmr spectrum,PAS_C3_V136,double,10,,,,,,1
1312,Coil 3 nmr spectrum,PAS_C3_V137,double,10,,,,,,1
1313,Coil 3 nmr spectrum,PAS_C3_V138,double,10,,,,,,1
1314,Coil 3 nmr spectrum,PAS_C3_V139,double,10,,,,,,1
1315,Coil 3 nmr spectrum,PAS_C3_V140,double,10,,,,,,1
1316,Coil 3 nmr spectrum,PAS_C3_V141,double,10,,,,,,1
1317,Coil 3 nmr spectrum,PAS_C3_V142,double,10,,,,,,1
1318,Coil 3 nmr spectrum,PAS_C3_V143,double,10,,,,,,1
1319,Coil 3 nmr spectrum,PAS_C3_V144,double,10,,,,,,1
1320,Coil 3 nmr spectrum,PAS_C3_V145,double,10,,,,,,1
1321,Coil 3 nmr spectrum,PAS_C3_V146,double,10,,,,,,1
1322,Coil 3 nmr spectrum,PAS_C3_V147,double,10,,,,,,1
1323,Coil 3 nmr spectrum,PAS_C3_V148,double,10,,,,,,1
1324,Coil 3 nmr spectrum,PAS_C3_V149,double,10,,,,,,1
1325,Coil 3 nmr spectrum,PAS_C3_V150,double,10,,,,,,1
1326,Coil 3 nmr spectrum,PAS_C3_V151,double,10,,,,,,1
1327,Coil 3 nmr spectrum,PAS_C3_V152,double,10,,,,,,1
1328,Coil 3 nmr spectrum,PAS_C3_V153,double,10,,,,,,1
1329,Coil 3 nmr spectrum,PAS_C3_V154,double,10,,,,,,1
1330,Coil 3 nmr spectrum,PAS_C3_V155,double,10,,,,,,1
1331,Coil 3 nmr spectrum,PAS_C3_V156,double,10,,,,,,1
1332,Coil 3 nmr spectrum,PAS_C3_V157,double,10,,,,,,1
1333,Coil 3 nmr spectrum,PAS_C3_V158,double,10,,,,,,1
1334,Coil 3 nmr spectrum,PAS_C3_V159,double,10,,,,,,1
1335,Coil 3 nmr spectrum,PAS_C3_V160,double,10,,,,,,1
1336,Coil 3 nmr spectrum,PAS_C3_V161,double,10,,,,,,1
1337,Coil 3 nmr spectrum,PAS_C3_V162,double,10,,,,,,1
1338,Coil 3 nmr spectrum,PAS_C3_V163,double,10,,,,,,1
1339,Coil 3 nmr spectrum,PAS_C3_V164,double,10,,,,,,1
1340,Coil 3 nmr spectrum,PAS_C3_V165,double,10,,,,,,1
1341,Coil 3 nmr spectrum,PAS_C3_V166,double,10,,,,,,1
1342,Coil 3 nmr spectrum,PAS_C3_V167,double,10,,,,,,1
1343,Coil 3 nmr spectrum,PAS_C3_V168,double,10,,,,,,1
1344,Coil 3 nmr spectrum,PAS_C3_V169,double,10,,,,,,1
1345,Coil 3 nmr spectrum,PAS_C3_V170,double,10,,,,,,1
1346,Coil 3 nmr spectrum,PAS_C3_V171,double,10,,,,,,1
1347,Coil 3 nmr spectrum,PAS_C3_V172,double,10,,,,,,1
1348,Coil 3 nmr spectrum,PAS_C3_V173,double,10,,,,,,1
1349,Coil 3 nmr spectrum,PAS_C3_V174,double,10,,,,,,1
1350,Coil 3 nmr spectrum,PAS_C3_V175,double,10,,,,,,1
1351,Coil 3 nmr spectrum,PAS_C3_V176,double,10,,,,,,1
1352,Coil 3 nmr spectrum,PAS_C3_V177,double,10,,,,,,1
1353,Coil 3 nmr spectrum,PAS_C3_V178,double,10,,,,,,1
1354,Coil 3 nmr spectrum,PAS_C3_V179,double,10,,,,,,1
1355,Coil 3 nmr spectrum,PAS_C3_V180,double,10,,,,,,1
1356,Coil 3 nmr spectrum,PAS_C3_V181,double,10,,,,,,1
1357,Coil 3 nmr spectrum,PAS_C3_V182,double,10,,,,,,1
1358,Coil 3 nmr spectrum,PAS_C3_V183,double,10,,,,,,1
1359,Coil 3 nmr spectrum,PAS_C3_V184,double,10,,,,,,1
1360,Coil 3 nmr spectrum,PAS_C3_V185,double,10,,,,,,1
1361,Coil 3 nmr spectrum,PAS_C3_V186,double,10,,,,,,1
1362,Coil 3 nmr spectrum,PAS_C3_V187,double,10,,,,,,1
1363,Coil 3 nmr spectrum,PAS_C3_V188,double,10,,,,,,1
1364,Coil 3 nmr spectrum,PAS_C3_V189,double,10,,,,,,1
1365,Coil 3 nmr spectrum,PAS_C3_V190,double,10,,,,,,1
1366,Coil 3 nmr spectrum,PAS_C3_V191,double,10,,,,,,1
1367,Coil 3 nmr spectrum,PAS_C3_V192,double,10,,,,,,1
1368,Coil 3 nmr spectrum,PAS_C3_V193,double,10,,,,,,1
1369,Coil 3 nmr spectrum,PAS_C3_V194,double,10,,,,,,1
1370,Coil 3 nmr spectrum,PAS_C3_V195,double,10,,,,,,1
1371,Coil 3 nmr spectrum,PAS_C3_V196,double,10,,,,,,1
1372,Coil 3 nmr spectrum,PAS_C3_V197,double,10,,,,,,1
1373,Coil 3 nmr spectrum,PAS_C3_V198,double,10,,,,,,1
1374,Coil 3 nmr spectrum,PAS_C3_V199,double,10,,,,,,1
1375,Coil 3 nmr spectrum,PAS_C3_V200,double,10,,,,,,1
1376,Coil 3 nmr spectrum,PAS_C3_V201,double,10,,,,,,1
1377,Coil 3 nmr spectrum,PAS_C3_V202,double,10,,,,,,1
1378,Coil 3 nmr spectrum,PAS_C3_V203,double,10,,,,,,1
1379,Coil 3 nmr spectrum,PAS_C3_V204,double,10,,,,,,1
1380,Coil 3 nmr spectrum,PAS_C3_V205,double,10,,,,,,1
1381,Coil 3 nmr spectrum,PAS_C3_V206,double,10,,,,,,1
1382,Coil 3 nmr spectrum,PAS_C3_V207,double,10,,,,,,1
1383,Coil 3 nmr spectrum,PAS_C3_V208,double,10,,,,,,1
1384,Coil 3 nmr spectrum,PAS_C3_V209,double,10,,,,,,1
1385,Coil 3 nmr spectrum,PAS_C3_V210,double,10,,,,,,1
1386,Coil 3 nmr spectrum,PAS_C3_V211,double,10,,,,,,1
1387,Coil 3 nmr spectrum,PAS_C3_V212,double,10,,,,,,1
1388,Coil 3 nmr spectrum,PAS_C3_V213,double,10,,,,,,1
1389,Coil 3 nmr spectrum,PAS_C3_V214,double,10,,,,,,1
1390,Coil 3 nmr spectrum,PAS_C3_V215,double,10,,,,,,1
1391,Coil 3 nmr spectrum,PAS_C3_V216,double,10,,,,,,1
1392,Coil 3 nmr spectrum,PAS_C3_V217,double,10,,,,,,1
1393,Coil 3 nmr spectrum,PAS_C3_V218,double,10,,,,,,1
1394,Coil 3 nmr spectrum,PAS_C3_V219,double,10,,,,,,1
1395,Coil 3 nmr spectrum,PAS_C3_V220,double,10,,,,,,1
1396,Coil 3 nmr spectrum,PAS_C3_V221,double,10,,,,,,1
1397,Coil 3 nmr spectrum,PAS_C3_V222,double,10,,,,,,1
1398,Coil 3 nmr spectrum,PAS_C3_V223,double,10,,,,,,1
1399,Coil 3 nmr spectrum,PAS_C3_V224,double,10,,,,,,1
1400,Coil 3 nmr spectrum,PAS_C3_V225,double,10,,,,,,1
1401,Coil 3 nmr spectrum,PAS_C3_V226,double,10,,,,,,1
1402,Coil 3 nmr spectrum,PAS_C3_V227,double,10,,,,,,1
1403,Coil 3 nmr spectrum,PAS_C3_V228,double,10,,,,,,1
1404,Coil 3 nmr spectrum,PAS_C3_V229,double,10,,,,,,1
1405,Coil 3 nmr spectrum,PAS_C3_V230,double,10,,,,,,1
1406,Coil 3 nmr spectrum,PAS_C3_V231,double,10,,,,,,1
1407,Coil 3 nmr spectrum,PAS_C3_V232,double,10,,,,,,1
1408,Coil 3 nmr spectrum,PAS_C3_V233,double,10,,,,,,1
1409,Coil 3 nmr spectrum,PAS_C3_V234,double,10,,,,,,1
1410,Coil 3 nmr spectrum,PAS_C3_V235,double,10,,,,,,1
1411,Coil 3 nmr spectrum,PAS_C3_V236,double,10,,,,,,1
1412,Coil 3 nmr spectrum,PAS_C3_V237,double,10,,,,,,1
1413,Coil 3 nmr spectrum,PAS_C3_V238,double,10,,,,,,1
1414,Coil 3 nmr spectrum,PAS_C3_V239,double,10,,,,,,1
1415,Coil 3 nmr spectrum,PAS_C3_V240,double,10,,,,,,1
1416,Coil 3 nmr spectrum,PAS_C3_V241,double,10,,,,,,1
1417,Coil 3 nmr spectrum,PAS_C3_V242,double,10,,,,,,1
1418,Coil 3 nmr spectrum,PAS_C3_V243,double,10,,,,,,1
1419,Coil 3 nmr spectrum,PAS_C3_V244,double,10,,,,,,1
1420,Coil 3 nmr spectrum,PAS_C3_V245,double,10,,,,,,1
1421,Coil 3 nmr spectrum,PAS_C3_V246,double,10,,,,,,1
1422,Coil 3 nmr spectrum,PAS_C3_V247,double,10,,,,,,1
1423,Coil 3 nmr spectrum,PAS_C3_V248,double,10,,,,,,1
1424,Coil 3 nmr spectrum,PAS_C3_V249,double,10,,,,,,1
1425,Coil 3 nmr spectrum,PAS_C3_V250,double,10,,,,,,1
1426,Coil 3 nmr spectrum,PAS_C3_V251,double,10,,,,,,1
1427,Coil 3 nmr spectrum,PAS_C3_V252,double,10,,,,,,1
1428,Coil 3 nmr spectrum,PAS_C3_V253,double,10,,,,,,1
1429,Coil 3 nmr spectrum,PAS_C3_V254,double,10,,,,,,1
1430,Coil 3 nmr spectrum,PAS_C3_V255,double,10,,,,,,1
1431,Coil 3 nmr spectrum,PAS_C3_V256,double,10,,,,,,1
1432,Coil 3 nmr spectrum,PAS_C3_V257,double,10,,,,,,1
1433,Coil 3 nmr spectrum,PAS_C3_V258,double,10,,,,,,1
1434,Coil 3 nmr spectrum,PAS_C3_V259,double,10,,,,,,1
1435,Coil 3 nmr spectrum,PAS_C3_V260,double,10,,,,,,1
1436,Coil 3 nmr spectrum,PAS_C3_V261,double,10,,,,,,1
1437,Coil 3 nmr spectrum,PAS_C3_V262,double,10,,,,,,1
1438,Coil 3 nmr spectrum,PAS_C3_V263,double,10,,,,,,1
1439,Coil 3 nmr spectrum,PAS_C3_V264,double,10,,,,,,1
1440,Coil 3 nmr spectrum,PAS_C3_V265,double,10,,,,,,1
1441,Coil 3 nmr spectrum,PAS_C3_V266,double,10,,,,,,1
1442,Coil 3 nmr spectrum,PAS_C3_V267,double,10,,,,,,1
1443,Coil 3 nmr spectrum,PAS_C3_V268,double,10,,,,,,1
1444,Coil 3 nmr spectrum,PAS_C3_V269,double,10,,,,,,1
1445,Coil 3 nmr spectrum,PAS_C3_V270,double,10,,,,,,1
1446,Coil 3 nmr spectrum,PAS_C3_V271,double,10,,,,,,1
1447,Coil 3 nmr spectrum,PAS_C3_V272,double,10,,,,,,1
1448,Coil 3 nmr spectrum,PAS_C3_V273,double,10,,,,,,1
1449,Coil 3 nmr spectrum,PAS_C3_V274,double,10,,,,,,1
1450,Coil 3 nmr spectrum,PAS_C3_V275,double,10,,,,,,1
1451,Coil 3 nmr spectrum,PAS_C3_V276,double,10,,,,,,1
1452,Coil 3 nmr spectrum,PAS_C3_V277,double,10,,,,,,1
1453,Coil 3 nmr spectrum,PAS_C3_V278,double,10,,,,,,1
1454,Coil 3 nmr spectrum,PAS_C3_V279,double,10,,,,,,1
1455,Coil 3 nmr spectrum,PAS_C3_V280,double,10,,,,,,1
1456,Coil 3 nmr spectrum,PAS_C3_V281,double,10,,,,,,1
1457,Coil 3 nmr spectrum,PAS_C3_V282,double,10,,,,,,1
1458,Coil 3 nmr spectrum,PAS_C3_V283,double,10,,,,,,1
1459,Coil 3 nmr spectrum,PAS_C3_V284,double,10,,,,,,1
1460,Coil 3 nmr spectrum,PAS_C3_V285,double,10,,,,,,1
1461,Coil 3 nmr spectrum,PAS_C3_V286,double,10,,,,,,1
1462,Coil 3 nmr spectrum,PAS_C3_V287,double,10,,,,,,1
1463,Coil 3 nmr spectrum,PAS_C3_V288,double,10,,,,,,1
1464,Coil 3 nmr spectrum,PAS_C3_V289,double,10,,,,,,1
1465,Coil 3 nmr spectrum,PAS_C3_V290,double,10,,,,,,1
1466,Coil 3 nmr spectrum,PAS_C3_V291,double,10,,,,,,1
1467,Coil 3 nmr spectrum,PAS_C3_V292,double,10,,,,,,1
1468,Coil 3 nmr spectrum,PAS_C3_V293,double,10,,,,,,1
1469,Coil 3 nmr spectrum,PAS_C3_V294,double,10,,,,,,1
1470,Coil 3 nmr spectrum,PAS_C3_V295,double,10,,,,,,1
1471,Coil 3 nmr spectrum,PAS_C3_V296,double,10,,,,,,1
1472,Coil 3 nmr spectrum,PAS_C3_V297,double,10,,,,,,1
1473,Coil 3 nmr spectrum,PAS_C3_V298,double,10,,,,,,1
1474,Coil 3 nmr spectrum,PAS_C3_V299,double,10,,,,,,1
1475,Coil 3 nmr spectrum,PAS_C3_V300,double,10,,,,,,1
1476,Coil 3 nmr spectrum,PAS_C3_V301,double,10,,,,,,1
1477,Coil 3 nmr spectrum,PAS_C3_V302,double,10,,,,,,1
1478,Coil 3 nmr spectrum,PAS_C3_V303,double,10,,,,,,1
1479,Coil 3 nmr spectrum,PAS_C3_V304,double,10,,,,,,1
1480,Coil 3 nmr spectrum,PAS_C3_V305,double,10,,,,,,1
1481,Coil 3 nmr spectrum,PAS_C3_V306,double,10,,,,,,1
1482,Coil 3 nmr spectrum,PAS_C3_V307,double,10,,,,,,1
1483,Coil 3 nmr spectrum,PAS_C3_V308,double,10,,,,,,1
1484,Coil 3 nmr spectrum,PAS_C3_V309,double,10,,,,,,1
1485,Coil 3 nmr spectrum,PAS_C3_V310,double,10,,,,,,1
1486,Coil 3 nmr spectrum,PAS_C3_V311,double,10,,,,,,1
1487,Coil 3 nmr spectrum,PAS_C3_V312,double,10,,,,,,1
1488,Coil 3 nmr spectrum,PAS_C3_V313,double,10,,,,,,1
1489,Coil 3 nmr spectrum,PAS_C3_V314,double,10,,,,,,1
1490,Coil 3 nmr spectrum,PAS_C3_V315,double,10,,,,,,1
1491,Coil 3 nmr spectrum,PAS_C3_V316,double,10,,,,,,1
1492,Coil 3 nmr spectrum,PAS_C3_V317,double,10,,,,,,1
1493,Coil 3 nmr spectrum,PAS_C3_V318,double,10,,,,,,1
1494,Coil 3 nmr spectrum,PAS_C3_V319,double,10,,,,,,1
1495,Coil 3 nmr spectrum,PAS_C3_V320,double,10,,,,,,1
1496,Coil 3 nmr spectrum,PAS_C3_V321,double,10,,,,,,1
1497,Coil 3 nmr spectrum,PAS_C3_V322,double,10,,,,,,1
1498,Coil 3 nmr spectrum,PAS_C3_V323,double,10,,,,,,1
1499,Coil 3 nmr spectrum,PAS_C3_V324,double,10,,,,,,1
1500,Coil 3 nmr spectrum,PAS_C3_V325,double,10,,,,,,1
1501,Coil 3 nmr spectrum,PAS_C3_V326,double,10,,,,,,1
1502,Coil 3 nmr spectrum,PAS_C3_V327,double,10,,,,,,1
1503,Coil 3 nmr spectrum,PAS_C3_V328,double,10,,,,,,1
1504,Coil 3 nmr spectrum,PAS_C3_V329,double,10,,,,,,1
1505,Coil 3 nmr spectrum,PAS_C3_V330,double,10,,,,,,1
1506,Coil 3 nmr spectrum,PAS_C3_V331,double,10,,,,,,1
1507,Coil 3 nmr spectrum,PAS_C3_V332,double,10,,,,,,1
1508,Coil 3 nmr spectrum,PAS_C3_V333,double,10,,,,,,1
1509,Coil 3 nmr spectrum,PAS_C3_V334,double,10,,,,,,1
1510,Coil 3 nmr spectrum,PAS_C3_V335,double,10,,,,,,1
1511,Coil 3 nmr spectrum,PAS_C3_V336,double,10,,,,,,1
1512,Coil 3 nmr spectrum,PAS_C3_V337,double,10,,,,,,1
1513,Coil 3 nmr spectrum,PAS_C3_V338,double,10,,,,,,1
1514,Coil 3 nmr spectrum,PAS_C3_V339,double,10,,,,,,1
1515,Coil 3 nmr spectrum,PAS_C3_V340,double,10,,,,,,1
1516,Coil 3 nmr spectrum,PAS_C3_V341,double,10,,,,,,1
1517,Coil 3 nmr spectrum,PAS_C3_V342,double,10,,,,,,1
1518,Coil 3 nmr spectrum,PAS_C3_V343,double,10,,,,,,1
1519,Coil 3 nmr spectrum,PAS_C3_V344,double,10,,,,,,1
1520,Coil 3 nmr spectrum,PAS_C3_V345,double,10,,,,,,1
1521,Coil 3 nmr spectrum,PAS_C3_V346,double,10,,,,,,1
1522,Coil 3 nmr spectrum,PAS_C3_V347,double,10,,,,,,1
1523,Coil 3 nmr spectrum,PAS_C3_V348,double,10,,,,,,1
1524,Coil 3 nmr spectrum,PAS_C3_V349,double,10,,,,,,1
1525,Coil 3 nmr spectrum,PAS_C3_V350,double,10,,,,,,1
1526,Coil 3 nmr spectrum,PAS_C3_V351,double,10,,,,,,1
1527,Coil 3 nmr spectrum,PAS_C3_V352,double,10,,,,,,1
1528,Coil 3 nmr spectrum,PAS_C3_V353,double,10,,,,,,1
1529,Coil 3 nmr spectrum,PAS_C3_V354,double,10,,,,,,1
1530,Coil 3 nmr spectrum,PAS_C3_V355,double,10,,,,,,1
1531,Coil 3 nmr spectrum,PAS_C3_V356,double,10,,,,,,1
1532,Coil 3 nmr spectrum,PAS_C3_V357,double,10,,,,,,1
1533,Coil 3 nmr spectrum,PAS_C3_V358,double,10,,,,,,1
1534,Coil 3 nmr spectrum,PAS_C3_V359,double,10,,,,,,1
1535,Coil 3 nmr spectrum,PAS_C3_V360,double,10,,,,,,1
1536,Coil 3 nmr spectrum,PAS_C3_V361,double,10,,,,,,1
1537,Coil 3 nmr spectrum,PAS_C3_V362,double,10,,,,,,1
1538,Coil 3 nmr spectrum,PAS_C3_V363,double,10,,,,,,1
1539,Coil 3 nmr spectrum,PAS_C3_V364,double,10,,,,,,1
1540,Coil 3 nmr spectrum,PAS_C3_V365,double,10,,,,,,1
1541,Coil 3 nmr spectrum,PAS_C3_V366,double,10,,,,,,1
1542,Coil 3 nmr spectrum,PAS_C3_V367,double,10,,,,,,1
1543,Coil 3 nmr spectrum,PAS_C3_V368,double,10,,,,,,1
1544,Coil 3 nmr spectrum,PAS_C3_V369,double,10,,,,,,1
1545,Coil 3 nmr spectrum,PAS_C3_V370,double,10,,,,,,1
1546,Coil 3 nmr spectrum,PAS_C3_V371,double,10,,,,,,1
1547,Coil 3 nmr spectrum,PAS_C3_V372,double,10,,,,,,1
1548,Coil 3 nmr spectrum,PAS_C3_V373,double,10,,,,,,1
1549,Coil 3 nmr spectrum,PAS_C3_V374,double,10,,,,,,1
1550,Coil 3 nmr spectrum,PAS_C3_V375,double,10,,,,,,1
1551,Coil 3 nmr spectrum,PAS_C3_V376,double,10,,,,,,1
1552,Coil 3 nmr spectrum,PAS_C3_V377,double,10,,,,,,1
1553,Coil 3 nmr spectrum,PAS_C3_V378,double,10,,,,,,1
1554,Coil 3 nmr spectrum,PAS_C3_V379,double,10,,,,,,1
1555,Coil 3 nmr spectrum,PAS_C3_V380,double,10,,,,,,1
1556,Coil 3 nmr spectrum,PAS_C3_V381,double,10,,,,,,1
1557,Coil 3 nmr spectrum,PAS_C3_V382,double,10,,,,,,1
1558,Coil 3 nmr spectrum,PAS_C3_V383,double,10,,,,,,1
1559,Coil 3 nmr spectrum,PAS_C3_V384,double,10,,,,,,1
1560,Coil 3 nmr spectrum,PAS_C3_V385,double,10,,,,,,1
1561,Coil 3 nmr spectrum,PAS_C3_V386,double,10,,,,,,1
1562,Coil 3 nmr spectrum,PAS_C3_V387,double,10,,,,,,1
1563,Coil 3 nmr spectrum,PAS_C3_V388,double,10,,,,,,1
1564,Coil 3 nmr spectrum,PAS_C3_V389,double,10,,,,,,1
1565,Coil 3 nmr spectrum,PAS_C3_V390,double,10,,,,,,1
1566,Coil 3 nmr spectrum,PAS_C3_V391,double,10,,,,,,1
1567,Coil 3 nmr spectrum,PAS_C3_V392,double,10,,,,,,1
1568,Coil 3 nmr spectrum,PAS_C3_V393,double,10,,,,,,1
1569,Coil 3 nmr spectrum,PAS_C3_V394,double,10,,,,,,1
1570,Coil 3 nmr spectrum,PAS_C3_V395,double,10,,,,,,1
1571,Coil 3 nmr spectrum,PAS_C3_V396,double,10,,,,,,1
1572,Coil 3 nmr spectrum,PAS_C3_V397,double,10,,,,,,1
1573,Coil 3 nmr spectrum,PAS_C3_V398,double,10,,,,,,1
1574,Coil 3 nmr spectrum,PAS_C3_V399,double,10,,,,,,1
1575,Coil 3 nmr spectrum,PAS_C3_V400,double,10,,,,,,1
1576,Coil 3 nmr spectrum,PAS_C3_V401,double,10,,,,,,1
1577,Coil 3 nmr spectrum,PAS_C3_V402,double,10,,,,,,1
1578,Coil 3 nmr spectrum,PAS_C3_V403,double,10,,,,,,1
1579,Coil 3 nmr spectrum,PAS_C3_V404,double,10,,,,,,1
1580,Coil 3 nmr spectrum,PAS_C3_V405,double,10,,,,,,1
1581,Coil 3 nmr spectrum,PAS_C3_V406,double,10,,,,,,1
1582,Coil 3 nmr spectrum,PAS_C3_V407,double,10,,,,,,1
1583,Coil 3 nmr spectrum,PAS_C3_V408,double,10,,,,,,1
1584,Coil 3 nmr spectrum,PAS_C3_V409,double,10,,,,,,1
1585,Coil 3 nmr spectrum,PAS_C3_V410,double,10,,,,,,1
1586,Coil 3 nmr spectrum,PAS_C3_V411,double,10,,,,,,1
1587,Coil 3 nmr spectrum,PAS_C3_V412,double,10,,,,,,1
1588,Coil 3 nmr spectrum,PAS_C3_V413,double,10,,,,,,1
1589,Coil 3 nmr spectrum,PAS_C3_V414,double,10,,,,,,1
1590,Coil 3 nmr spectrum,PAS_C3_V415,double,10,,,,,,1
1591,Coil 3 nmr spectrum,PAS_C3_V416,double,10,,,,,,1
1592,Coil 3 nmr spectrum,PAS_C3_V417,double,10,,,,,,1
1593,Coil 3 nmr spectrum,PAS_C3_V418,double,10,,,,,,1
1594,Coil 3 nmr spectrum,PAS_C3_V419,double,10,,,,,,1
1595,Coil 3 nmr spectrum,PAS_C3_V420,double,10,,,,,,1
1596,Coil 3 nmr spectrum,PAS_C3_V421,double,10,,,,,,1
1597,Coil 3 nmr spectrum,PAS_C3_V422,double,10,,,,,,1
1598,Coil 3 nmr spectrum,PAS_C3_V423,double,10,,,,,,1
1599,Coil 3 nmr spectrum,PAS_C3_V424,double,10,,,,,,1
1600,Coil 3 nmr spectrum,PAS_C3_V425,double,10,,,,,,1
1601,Coil 3 nmr spectrum,PAS_C3_V426,double,10,,,,,,1
1602,Coil 3 nmr spectrum,PAS_C3_V427,double,10,,,,,,1
1603,Coil 3 nmr spectrum,PAS_C3_V428,double,10,,,,,,1
1604,Coil 3 nmr spectrum,PAS_C3_V429,double,10,,,,,,1
1605,Coil 3 nmr spectrum,PAS_C3_V430,double,10,,,,,,1
1606,Coil 3 nmr spectrum,PAS_C3_V431,double,10,,,,,,1
1607,Coil 3 nmr spectrum,PAS_C3_V432,double,10,,,,,,1
1608,Coil 3 nmr spectrum,PAS_C3_V433,double,10,,,,,,1
1609,Coil 3 nmr spectrum,PAS_C3_V434,double,10,,,,,,1
1610,Coil 3 nmr spectrum,PAS_C3_V435,double,10,,,,,,1
1611,Coil 3 nmr spectrum,PAS_C3_V436,double,10,,,,,,1
1612,Coil 3 nmr spectrum,PAS_C3_V437,double,10,,,,,,1
1613,Coil 3 nmr spectrum,PAS_C3_V438,double,10,,,,,,1
1614,Coil 3 nmr spectrum,PAS_C3_V439,double,10,,,,,,1
1615,Coil 3 nmr spectrum,PAS_C3_V440,double,10,,,,,,1
1616,Coil 3 nmr spectrum,PAS_C3_V441,double,10,,,,,,1
1617,Coil 3 nmr spectrum,PAS_C3_V442,double,10,,,,,,1
1618,Coil 3 nmr spectrum,PAS_C3_V443,double,10,,,,,,1
1619,Coil 3 nmr spectrum,PAS_C3_V444,double,10,,,,,,1
1620,Coil 3 nmr spectrum,PAS_C3_V445,double,10,,,,,,1
1621,Coil 3 nmr spectrum,PAS_C3_V446,double,10,,,,,,1
1622,Coil 3 nmr spectrum,PAS_C3_V447,double,10,,,,,,1
1623,Coil 3 nmr spectrum,PAS_C3_V448,double,10,,,,,,1
1624,Coil 3 nmr spectrum,PAS_C3_V449,double,10,,,,,,1
1625,Coil 3 nmr spectrum,PAS_C3_V450,double,10,,,,,,1
1626,Coil 3 nmr spectrum,PAS_C3_V451,double,10,,,,,,1
1627,Coil 3 nmr spectrum,PAS_C3_V452,double,10,,,,,,1
1628,Coil 3 nmr spectrum,PAS_C3_V453,double,10,,,,,,1
1629,Coil 3 nmr spectrum,PAS_C3_V454,double,10,,,,,,1
1630,Coil 3 nmr spectrum,PAS_C3_V455,double,10,,,,,,1
1631,Coil 3 nmr spectrum,PAS_C3_V456,double,10,,,,,,1
1632,Coil 3 nmr spectrum,PAS_C3_V457,double,10,,,,,,1
1633,Coil 3 nmr spectrum,PAS_C3_V458,double,10,,,,,,1
1634,Coil 3 nmr spectrum,PAS_C3_V459,double,10,,,,,,1
1635,Coil 3 nmr spectrum,PAS_C3_V460,double,10,,,,,,1
1636,Coil 3 nmr spectrum,PAS_C3_V461,double,10,,,,,,1
1637,Coil 3 nmr spectrum,PAS_C3_V462,double,10,,,,,,1
1638,Coil 3 nmr spectrum,PAS_C3_V463,double,10,,,,,,1
1639,Coil 3 nmr spectrum,PAS_C3_V464,double,10,,,,,,1
1640,Coil 3 nmr spectrum,PAS_C3_V465,double,10,,,,,,1
1641,Coil 3 nmr spectrum,PAS_C3_V466,double,10,,,,,,1
1642,Coil 3 nmr spectrum,PAS_C3_V467,double,10,,,,,,1
1643,Coil 3 nmr spectrum,PAS_C3_V468,double,10,,,,,,1
1644,Coil 3 nmr spectrum,PAS_C3_V469,double,10,,,,,,1
1645,Coil 3 nmr spectrum,PAS_C3_V470,double,10,,,,,,1
1646,Coil 3 nmr spectrum,PAS_C3_V471,double,10,,,,,,1
1647,Coil 3 nmr spectrum,PAS_C3_V472,double,10,,,,,,1
1648,Coil 3 nmr spectrum,PAS_C3_V473,double,10,,,,,,1
1649,Coil 3 nmr spectrum,PAS_C3_V474,double,10,,,,,,1
1650,Coil 3 nmr spectrum,PAS_C3_V475,double,10,,,,,,1
1651,Coil 3 nmr spectrum,PAS_C3_V476,double,10,,,,,,1
1652,Coil 3 nmr spectrum,PAS_C3_V477,double,10,,,,,,1
1653,Coil 3 nmr spectrum,PAS_C3_V478,double,10,,,,,,1
1654,Coil 3 nmr spectrum,PAS_C3_V479,double,10,,,,,,1
1655,Coil 3 nmr spectrum,PAS_C3_V480,double,10,,,,,,1
1656,Coil 3 nmr spectrum,PAS_C3_V481,double,10,,,,,,1
1657,Coil 3 nmr spectrum,PAS_C3_V482,double,10,,,,,,1
1658,Coil 3 nmr spectrum,PAS_C3_V483,double,10,,,,,,1
1659,Coil 3 nmr spectrum,PAS_C3_V484,double,10,,,,,,1
1660,Coil 3 nmr spectrum,PAS_C3_V485,double,10,,,,,,1
1661,Coil 3 nmr spectrum,PAS_C3_V486,double,10,,,,,,1
1662,Coil 3 nmr spectrum,PAS_C3_V487,double,10,,,,,,1
1663,Coil 3 nmr spectrum,PAS_C3_V488,double,10,,,,,,1
1664,Coil 3 nmr spectrum,PAS_C3_V489,double,10,,,,,,1
1665,Coil 3 nmr spectrum,PAS_C3_V490,double,10,,,,,,1
1666,Coil 3 nmr spectrum,PAS_C3_V491,double,10,,,,,,1
1667,Coil 3 nmr spectrum,PAS_C3_V492,double,10,,,,,,1
1668,Coil 3 nmr spectrum,PAS_C3_V493,double,10,,,,,,1
1669,Coil 3 nmr spectrum,PAS_C3_V494,double,10,,,,,,1
1670,Coil 3 nmr spectrum,PAS_C3_V495,double,10,,,,,,1
1671,Coil 3 nmr spectrum,PAS_C3_V496,double,10,,,,,,1
1672,Coil 3 nmr spectrum,PAS_C3_V497,double,10,,,,,,1
1673,Coil 3 nmr spectrum,PAS_C3_V498,double,10,,,,,,1
1674,Coil 3 nmr spectrum,PAS_C3_V499,double,10,,,,,,1
1675,Coil 3 nmr spectrum,PAS_C3_V500,double,10,,,,,,1
